-- --------------------------------------------------------
-- Host:                         127.0.0.1
-- Versión del servidor:         10.1.10-MariaDB - mariadb.org binary distribution
-- SO del servidor:              Win32
-- HeidiSQL Versión:             9.3.0.4984
-- --------------------------------------------------------

/*!40101 SET @OLD_CHARACTER_SET_CLIENT=@@CHARACTER_SET_CLIENT */;
/*!40101 SET NAMES utf8mb4 */;
/*!40014 SET @OLD_FOREIGN_KEY_CHECKS=@@FOREIGN_KEY_CHECKS, FOREIGN_KEY_CHECKS=0 */;
/*!40101 SET @OLD_SQL_MODE=@@SQL_MODE, SQL_MODE='NO_AUTO_VALUE_ON_ZERO' */;

-- Volcando estructura de base de datos para sipre
CREATE DATABASE IF NOT EXISTS `sipre` /*!40100 DEFAULT CHARACTER SET utf8 */;
USE `sipre`;


-- Volcando estructura para tabla sipre.be_solicitudbeneficios
CREATE TABLE IF NOT EXISTS `be_solicitudbeneficios` (
  `codSoli` int(11) NOT NULL AUTO_INCREMENT COMMENT 'codigo solicitud',
  `codProveedor` int(11) NOT NULL DEFAULT '0' COMMENT 'codigo proveedor',
  `codTomador` int(11) NOT NULL DEFAULT '0' COMMENT 'codigo tomador',
  `estSolicitud` char(1) NOT NULL DEFAULT '0' COMMENT 'estado solicitud',
  `fecSolicitud` date NOT NULL COMMENT 'fecha solicitud',
  `codservicios` int(11) NOT NULL DEFAULT '0' COMMENT 'codigo servicios',
  `observaciones` varchar(255) NOT NULL DEFAULT '0' COMMENT 'observaciones',
  `usuActividad` int(15) NOT NULL COMMENT 'usuario actividad',
  `tipActividad` char(1) NOT NULL COMMENT 'tipo actividad',
  `horActividad` timestamp NOT NULL DEFAULT CURRENT_TIMESTAMP COMMENT 'hora de la actividad',
  PRIMARY KEY (`codSoli`),
  KEY `FKproveedoress` (`codProveedor`),
  KEY `FKcodser` (`codservicios`),
  KEY `FKTERCE` (`codTomador`),
  CONSTRAINT `FKTERCE` FOREIGN KEY (`codTomador`) REFERENCES `bi_datosterceros` (`codTerc`),
  CONSTRAINT `FKcodser` FOREIGN KEY (`codservicios`) REFERENCES `be_tipobeneficio` (`codServicio`),
  CONSTRAINT `FKproveedoress` FOREIGN KEY (`codProveedor`) REFERENCES `bi_datosproveedor` (`codProveedor`)
) ENGINE=InnoDB AUTO_INCREMENT=104 DEFAULT CHARSET=utf8 COMMENT='solicitud de beneficios';

-- Volcando datos para la tabla sipre.be_solicitudbeneficios: ~34 rows (aproximadamente)
/*!40000 ALTER TABLE `be_solicitudbeneficios` DISABLE KEYS */;
INSERT INTO `be_solicitudbeneficios` (`codSoli`, `codProveedor`, `codTomador`, `estSolicitud`, `fecSolicitud`, `codservicios`, `observaciones`, `usuActividad`, `tipActividad`, `horActividad`) VALUES
	(2, 800150280, 30388309, 'R', '2016-08-02', 30, '0', 0, '', '2016-08-04 15:42:30'),
	(3, 860034594, 52104025, 'T', '2016-08-02', 22, '0', 0, '', '2016-08-04 15:42:30'),
	(72, 800037800, 79503353, 'R', '2016-08-02', 21, '', 0, '', '2016-08-04 15:42:30'),
	(73, 800088702, 79505504, 'R', '2016-08-02', 1, '', 0, '', '2016-08-04 15:42:30'),
	(74, 800106339, 79526451, 'R', '2016-08-02', 2, '', 0, '', '2016-08-04 15:42:30'),
	(75, 800130907, 79622262, 'R', '2016-08-02', 3, '', 0, '', '2016-08-04 15:42:30'),
	(76, 800139690, 79626621, 'R', '2016-08-02', 4, '', 0, '', '2016-08-04 15:42:30'),
	(77, 800140680, 79646350, 'R', '2016-08-02', 30, '', 0, '', '2016-08-04 15:42:30'),
	(78, 800140949, 79702885, 'R', '2016-08-02', 22, '', 0, '', '2016-08-04 15:42:30'),
	(79, 800144331, 79872394, 'V', '2016-08-02', 21, '', 0, '', '2016-08-04 15:42:30'),
	(80, 800150280, 80114936, 'V', '2016-08-02', 1, '', 0, '', '2016-08-04 15:42:30'),
	(81, 800159085, 80134085, 'V', '2016-08-02', 2, '', 0, '', '2016-08-04 15:42:30'),
	(82, 800170494, 80171743, 'V', '2016-08-02', 3, '', 0, '', '2016-08-04 15:42:30'),
	(83, 800176994, 80217437, 'V', '2016-08-02', 4, '', 0, '', '2016-08-04 15:42:30'),
	(84, 800184549, 80500206, 'V', '2016-08-02', 30, '', 0, '', '2016-08-04 15:42:30'),
	(85, 800189529, 80850966, 'V', '2016-08-02', 22, '', 0, '', '2016-08-04 15:42:30'),
	(86, 800198281, 80863451, 'V', '2016-08-02', 21, '', 0, '', '2016-08-04 15:42:30'),
	(87, 800198644, 80863865, 'V', '2016-08-02', 1, '', 0, '', '2016-08-04 15:42:30'),
	(88, 800224827, 86084659, 'T', '2016-08-02', 2, '', 0, '', '2016-08-04 15:42:30'),
	(89, 800226175, 88213876, 'T', '2016-08-02', 3, '', 0, '', '2016-08-04 15:42:30'),
	(90, 800227940, 91353894, 'T', '2016-08-02', 4, '', 0, '', '2016-08-04 15:42:30'),
	(91, 800229256, 91424840, 'T', '2016-08-02', 30, '', 0, '', '2016-08-04 15:42:30'),
	(92, 800229739, 91474044, 'T', '2016-08-02', 22, '', 0, '', '2016-08-04 15:42:30'),
	(93, 800231967, 91478221, 'T', '2016-08-02', 21, '', 0, '', '2016-08-04 15:42:30'),
	(94, 800250119, 91528420, 'T', '2016-08-02', 1, '', 0, '', '2016-08-04 15:42:30'),
	(95, 800251440, 91538345, 'T', '2016-08-02', 2, '', 0, '', '2016-08-04 15:42:30'),
	(96, 800253055, 91541739, 'T', '2016-08-02', 3, '', 0, '', '2016-08-04 15:42:30'),
	(97, 804001273, 1010189408, 'T', '2016-08-02', 4, '', 0, '', '2016-08-04 15:42:30'),
	(98, 805000427, 1013613998, 'T', '2016-08-02', 30, '', 0, '', '2016-08-04 15:42:30'),
	(99, 805001157, 1014192553, 'T', '2016-08-02', 22, '', 0, '', '2016-08-04 15:42:30'),
	(100, 811015884, 1016027413, 'T', '2016-08-02', 21, '', 0, '', '2016-08-04 15:42:30'),
	(101, 830003564, 1016035412, 'T', '2016-08-02', 1, '', 0, '', '2016-08-04 15:42:30'),
	(102, 830006404, 1018501836, 'T', '2016-08-02', 2, '', 0, '', '2016-08-04 15:42:30'),
	(103, 830009783, 1019026394, 'T', '2016-08-02', 3, '\r\n', 0, '', '2016-08-04 15:42:30');
/*!40000 ALTER TABLE `be_solicitudbeneficios` ENABLE KEYS */;


-- Volcando estructura para tabla sipre.be_tipobeneficio
CREATE TABLE IF NOT EXISTS `be_tipobeneficio` (
  `codServicio` int(11) NOT NULL COMMENT 'Codigo Servicio',
  `codProveedor` int(11) NOT NULL COMMENT 'Codigo Proveedor',
  `codTipServicio` int(11) NOT NULL COMMENT 'Codigo Tipo de Servicio',
  `tipContrato` char(1) NOT NULL COMMENT 'Tipo de Contrato',
  `indActividad` char(1) DEFAULT NULL COMMENT 'Indicador de Actividad',
  `afePrescipciones` char(1) DEFAULT NULL COMMENT 'Afecta Prescipciones',
  `porEmpleado` double NOT NULL COMMENT 'Porcentaje Empleado',
  `porEmpresa` double NOT NULL COMMENT 'Porcentaje Empresa',
  `actUsuario` varchar(15) NOT NULL COMMENT 'Actividad Usuario',
  `actEstado` char(1) NOT NULL COMMENT 'Actividad Estado',
  `actHora` timestamp NOT NULL DEFAULT CURRENT_TIMESTAMP ON UPDATE CURRENT_TIMESTAMP COMMENT 'actividad Hora',
  PRIMARY KEY (`codServicio`,`tipContrato`,`codProveedor`,`codTipServicio`),
  UNIQUE KEY `codServ_UNIQUE` (`codServicio`),
  KEY `fkbetser_idx` (`codTipServicio`),
  KEY `fkprdatob_idx` (`codProveedor`),
  CONSTRAINT `fkbetser` FOREIGN KEY (`codTipServicio`) REFERENCES `be_tiposervicio` (`codTipServicio`) ON DELETE CASCADE ON UPDATE CASCADE,
  CONSTRAINT `fkprdatob` FOREIGN KEY (`codProveedor`) REFERENCES `bi_datosproveedor` (`codProveedor`) ON DELETE CASCADE ON UPDATE CASCADE
) ENGINE=InnoDB DEFAULT CHARSET=utf8 COMMENT='Tipo de Beneficio';

-- Volcando datos para la tabla sipre.be_tipobeneficio: ~30 rows (aproximadamente)
/*!40000 ALTER TABLE `be_tipobeneficio` DISABLE KEYS */;
INSERT INTO `be_tipobeneficio` (`codServicio`, `codProveedor`, `codTipServicio`, `tipContrato`, `indActividad`, `afePrescipciones`, `porEmpleado`, `porEmpresa`, `actUsuario`, `actEstado`, `actHora`) VALUES
	(1, 800150280, 4, 'I', 'A', 'S', 0, 50, 'SIPRE', 'A', '2016-08-02 23:09:23'),
	(2, 800088702, 1, 'I', 'A', 'S', 50, 50, 'SIPRE', 'A', '2016-08-03 23:09:00'),
	(3, 800106339, 2, 'F', 'A', 'S', 70, 30, 'SIPRE', 'A', '2016-08-04 23:09:00'),
	(4, 800130907, 3, 'I', 'A', 'S', 50, 50, 'SIPRE', 'A', '2016-08-05 23:09:00'),
	(5, 800139690, 4, 'F', 'A', 'S', 70, 30, 'SIPRE', 'A', '2016-08-06 23:09:00'),
	(6, 800140680, 5, 'F', 'A', 'S', 50, 50, 'SIPRE', 'A', '2016-08-07 23:09:00'),
	(7, 800140949, 1, 'I', 'A', 'S', 70, 30, 'SIPRE', 'A', '2016-08-08 23:09:00'),
	(8, 800144331, 2, 'F', 'A', 'S', 0, 100, 'SIPRE', 'A', '2016-08-09 23:09:00'),
	(9, 800150280, 3, 'I', 'A', 'S', 0, 100, 'SIPRE', 'A', '2016-08-10 23:09:00'),
	(10, 800159085, 4, 'F', 'A', 'S', 50, 50, 'SIPRE', 'A', '2016-08-11 23:09:00'),
	(11, 800170494, 5, 'I', 'A', 'S', 70, 30, 'SIPRE', 'A', '2016-08-12 23:09:00'),
	(12, 800176994, 1, 'F', 'A', 'N', 50, 50, 'SIPRE', 'A', '2016-08-13 23:09:00'),
	(13, 800184549, 2, 'I', 'A', 'N', 70, 30, 'SIPRE', 'A', '2016-08-14 23:09:00'),
	(14, 800189529, 3, 'F', 'A', 'N', 50, 50, 'SIPRE', 'A', '2016-08-15 23:09:00'),
	(15, 800198281, 4, 'I', 'A', 'N', 70, 30, 'SIPRE', 'A', '2016-08-16 23:09:00'),
	(16, 800198644, 5, 'F', 'A', 'S', 0, 100, 'SIPRE', 'A', '2016-08-17 23:09:00'),
	(17, 800224827, 4, 'I', 'A', 'S', 0, 100, 'SIPRE', 'A', '2016-08-18 23:09:00'),
	(18, 800226175, 1, 'F', 'A', 'S', 50, 50, 'SIPRE', 'A', '2016-08-19 23:09:00'),
	(19, 800227940, 2, 'I', 'A', 'S', 70, 30, 'SIPRE', 'A', '2016-08-20 23:09:00'),
	(20, 800229256, 3, 'F', 'A', 'S', 50, 50, 'SIPRE', 'A', '2016-08-21 23:09:00'),
	(21, 800229739, 4, 'I', 'A', 'S', 70, 30, 'SIPRE', 'A', '2016-08-22 23:09:00'),
	(22, 800231967, 5, 'F', 'A', 'S', 50, 50, 'SIPRE', 'A', '2016-08-23 23:09:00'),
	(23, 800250119, 1, 'I', 'A', 'S', 70, 30, 'SIPRE', 'A', '2016-08-24 23:09:00'),
	(24, 800251440, 2, 'F', 'A', 'S', 0, 100, 'SIPRE', 'A', '2016-08-25 23:09:00'),
	(25, 800253055, 3, 'I', 'A', 'S', 0, 100, 'SIPRE', 'A', '2016-08-26 23:09:00'),
	(26, 804001273, 4, 'F', 'A', 'S', 50, 50, 'SIPRE', 'A', '2016-08-27 23:09:00'),
	(27, 805000427, 5, 'I', 'A', 'S', 70, 30, 'SIPRE', 'A', '2016-08-28 23:09:00'),
	(28, 805001157, 1, 'F', 'A', 'S', 50, 50, 'SIPRE', 'A', '2016-08-29 23:09:00'),
	(29, 811015884, 2, 'I', 'A', 'S', 70, 30, 'SIPRE', 'A', '2016-08-30 23:09:00'),
	(30, 830003564, 3, 'F', 'A', 'S', 50, 50, 'SIPRE', 'A', '2016-08-31 23:09:00');
/*!40000 ALTER TABLE `be_tipobeneficio` ENABLE KEYS */;


-- Volcando estructura para tabla sipre.be_tiposervicio
CREATE TABLE IF NOT EXISTS `be_tiposervicio` (
  `codTipServicio` int(11) NOT NULL COMMENT 'Codigo Tipo de Servicio',
  `nomServicio` varchar(20) NOT NULL COMMENT 'Nombre de Servicio',
  `indActividad` char(1) NOT NULL COMMENT 'Indicador de Actividad',
  `natuServicio` char(1) NOT NULL COMMENT 'Naturaleza Servicio (P-pago, D-descuento)',
  `factura` char(1) NOT NULL COMMENT 'Factura si o no',
  `usuActividad` int(15) NOT NULL COMMENT 'usuario actividad',
  `tipActividad` char(1) NOT NULL COMMENT 'tipo actividad',
  `horActividad` timestamp NOT NULL DEFAULT CURRENT_TIMESTAMP COMMENT 'hora de la actividad',
  PRIMARY KEY (`codTipServicio`),
  UNIQUE KEY `codTser_UNIQUE` (`codTipServicio`)
) ENGINE=InnoDB DEFAULT CHARSET=utf8 COMMENT='Tipo de Servicio';

-- Volcando datos para la tabla sipre.be_tiposervicio: ~55 rows (aproximadamente)
/*!40000 ALTER TABLE `be_tiposervicio` DISABLE KEYS */;
INSERT INTO `be_tiposervicio` (`codTipServicio`, `nomServicio`, `indActividad`, `natuServicio`, `factura`, `usuActividad`, `tipActividad`, `horActividad`) VALUES
	(1, 'EDUCACION', 'A', 'P', 'N', 0, '', '2016-08-04 15:42:52'),
	(2, 'VIVIENDA', 'A', 'P', 'N', 0, '', '2016-08-04 15:42:52'),
	(3, 'MEDICINA GENERAL', 'A', 'P', 'N', 0, '', '2016-08-04 15:42:52'),
	(4, 'DEFUNCION', 'A', 'P', 'N', 0, '', '2016-08-04 15:42:52'),
	(5, 'SERVICIO MEDICO', 'A', 'D', 'S', 0, '', '2016-08-04 15:42:52'),
	(6, 'ANATOMIA PATOLOGICAÿ', 'A', 'D', 'S', 0, '', '2016-08-04 15:42:52'),
	(7, 'ANESTESIOLOGIA PEDIA', 'A', 'D', 'S', 0, '', '2016-08-04 15:42:52'),
	(8, 'ANESTESIOLOGIA Y REC', 'A', 'D', 'S', 0, '', '2016-08-04 15:42:52'),
	(9, 'CARDIOLOGIAÿ', 'A', 'D', 'S', 0, '', '2016-08-04 15:42:52'),
	(10, 'CARDIOLOGIA PEDIATRI', 'A', 'D', 'S', 0, '', '2016-08-04 15:42:52'),
	(11, 'CIRUGIA DE TORAX NO ', 'A', 'D', 'S', 0, '', '2016-08-04 15:42:52'),
	(12, 'CIRUGIA DE TORAX Y C', 'A', 'D', 'S', 0, '', '2016-08-04 15:42:52'),
	(13, 'CIRUGIA GENERALÿ', 'A', 'D', 'S', 0, '', '2016-08-04 15:42:52'),
	(14, 'CIRUGIA ONCOLOGICAÿ', 'A', 'D', 'S', 0, '', '2016-08-04 15:42:52'),
	(15, 'CIRUGIA PEDIATRICAÿ', 'A', 'D', 'S', 0, '', '2016-08-04 15:42:52'),
	(16, 'CIRUGIA PLASTICA Y R', 'A', 'D', 'S', 0, '', '2016-08-04 15:42:52'),
	(17, 'DERMATOLOGIAÿ', 'A', 'D', 'S', 0, '', '2016-08-04 15:42:52'),
	(18, 'ENDOCRINOLOGIAÿ', 'A', 'D', 'S', 0, '', '2016-08-04 15:42:52'),
	(19, 'GASTROENTEROLOGIAÿ', 'A', 'D', 'S', 0, '', '2016-08-04 15:42:52'),
	(20, 'GERIATRIA Y GERONTOL', 'A', 'D', 'S', 0, '', '2016-08-04 15:42:52'),
	(21, 'GINECOLOGIA ONCOLOGI', 'A', 'D', 'S', 0, '', '2016-08-04 15:42:52'),
	(22, 'GINECOLOGIA Y OBSTET', 'A', 'D', 'S', 0, '', '2016-08-04 15:42:52'),
	(23, 'HEMATOLOGIAÿ', 'A', 'D', 'S', 0, '', '2016-08-04 15:42:52'),
	(24, 'HEMATOLOGIA PEDIATRI', 'A', 'D', 'S', 0, '', '2016-08-04 15:42:52'),
	(25, 'INFECTOLOGIAÿ', 'A', 'D', 'S', 0, '', '2016-08-04 15:42:52'),
	(26, 'INFECTOLOGIA PEDIATR', 'A', 'D', 'S', 0, '', '2016-08-04 15:42:52'),
	(27, 'INMUNOLOGIA CLINICA ', 'A', 'D', 'S', 0, '', '2016-08-04 15:42:52'),
	(28, 'MEDICINA CRITICA PED', 'A', 'D', 'S', 0, '', '2016-08-04 15:42:52'),
	(29, 'MEDICINA CRITICA Y T', 'A', 'D', 'S', 0, '', '2016-08-04 15:42:52'),
	(30, 'MEDICINA DE EMERGENC', 'A', 'D', 'S', 0, '', '2016-08-04 15:42:52'),
	(31, 'MEDICINA FAMILIAR Y ', 'A', 'D', 'S', 0, '', '2016-08-04 15:42:52'),
	(32, 'MEDICINA FISICA Y RE', 'A', 'D', 'S', 0, '', '2016-08-04 15:42:52'),
	(33, 'MEDICINA INTERNAÿ', 'A', 'D', 'S', 0, '', '2016-08-04 15:42:52'),
	(34, 'MEDICINA MATERNO FET', 'A', 'D', 'S', 0, '', '2016-08-04 15:42:52'),
	(35, 'NEFROLOGIAÿ', 'A', 'D', 'S', 0, '', '2016-08-04 15:42:52'),
	(36, 'NEFROLOGIA PEDIATRIC', 'A', 'D', 'S', 0, '', '2016-08-04 15:42:52'),
	(37, 'NEONATOLOGIAÿ', 'A', 'D', 'S', 0, '', '2016-08-04 15:42:52'),
	(38, 'NEUMOLOGIAÿ', 'A', 'D', 'S', 0, '', '2016-08-04 15:42:52'),
	(39, 'NEUMOLOGIA PEDIATRIC', 'A', 'D', 'S', 0, '', '2016-08-04 15:42:52'),
	(40, 'NEUROCIRUGIAÿ', 'A', 'D', 'S', 0, '', '2016-08-04 15:42:52'),
	(41, 'NEUROLOGIAÿ', 'A', 'D', 'S', 0, '', '2016-08-04 15:42:52'),
	(42, 'OFTALMOLOGIAÿ', 'A', 'D', 'S', 0, '', '2016-08-04 15:42:52'),
	(43, 'ONCOLOGIA MEDICAÿ', 'A', 'D', 'S', 0, '', '2016-08-04 15:42:52'),
	(44, 'ORTOPEDIA Y TRAUMATO', 'A', 'D', 'S', 0, '', '2016-08-04 15:42:52'),
	(45, 'ORTOPEDIA Y TRAUMATO', 'A', 'D', 'S', 0, '', '2016-08-04 15:42:52'),
	(46, 'OTORRINOLARINGOLOGIA', 'A', 'D', 'S', 0, '', '2016-08-04 15:42:52'),
	(47, 'PATOLOGIA PEDIATRICA', 'A', 'D', 'S', 0, '', '2016-08-04 15:42:52'),
	(48, 'PEDIATRIAÿ', 'A', 'D', 'S', 0, '', '2016-08-04 15:42:52'),
	(49, 'PSICOLOGIA CLINICAÿ', 'A', 'D', 'S', 0, '', '2016-08-04 15:42:52'),
	(50, 'PSIQUIATRIAÿ', 'A', 'D', 'S', 0, '', '2016-08-04 15:42:52'),
	(51, 'RADIOLOGIA E IMAGENE', 'A', 'D', 'S', 0, '', '2016-08-04 15:42:52'),
	(52, 'RADIOTERAPIAÿ', 'A', 'D', 'S', 0, '', '2016-08-04 15:42:52'),
	(53, 'REUMATOLOGIAÿ', 'A', 'D', 'S', 0, '', '2016-08-04 15:42:52'),
	(54, 'UROLOGIAÿ', 'A', 'D', 'S', 0, '', '2016-08-04 15:42:52'),
	(55, 'UROLOGIA PEDIATRICAÿ', 'A', 'D', 'S', 0, '', '2016-08-04 15:42:52');
/*!40000 ALTER TABLE `be_tiposervicio` ENABLE KEYS */;


-- Volcando estructura para tabla sipre.bi_beneficiariosempleados
CREATE TABLE IF NOT EXISTS `bi_beneficiariosempleados` (
  `codEmpleado` int(11) NOT NULL COMMENT 'Codigo Empleado',
  `codBeneficiario` int(11) NOT NULL COMMENT 'Codigo Beneficiario',
  `tipBeneficio` char(1) NOT NULL COMMENT 'Tipo de Beneficio',
  `munNacimiento` int(3) NOT NULL COMMENT 'Municipio Nacimiento',
  `fechNacimiento` date NOT NULL COMMENT 'Fecha de Nacimiento',
  `fechIniContrato` date NOT NULL COMMENT 'Fecha de Inicicio de contrato',
  `fecFinContrato` date NOT NULL COMMENT 'Fecha Final de Contrato',
  `actUsuario` int(15) NOT NULL COMMENT 'Actividad Usuario',
  `estActividad` char(1) NOT NULL COMMENT 'Estado Actividad',
  `actHora` timestamp NOT NULL DEFAULT CURRENT_TIMESTAMP COMMENT 'Actividad Hora',
  PRIMARY KEY (`codBeneficiario`),
  UNIQUE KEY `codEmpl_UNIQUE` (`codEmpleado`),
  UNIQUE KEY `codBenef_UNIQUE` (`codBeneficiario`),
  KEY `FKmuninaci` (`munNacimiento`),
  CONSTRAINT `FKmuninaci` FOREIGN KEY (`munNacimiento`) REFERENCES `gn_municipio` (`codMunicipio`) ON DELETE CASCADE ON UPDATE CASCADE,
  CONSTRAINT `fkbiemple` FOREIGN KEY (`codEmpleado`) REFERENCES `bi_datosempleado` (`codEmpleado`) ON DELETE CASCADE ON UPDATE CASCADE,
  CONSTRAINT `fkbiterce` FOREIGN KEY (`codBeneficiario`) REFERENCES `bi_datosterceros` (`codTerc`) ON DELETE CASCADE ON UPDATE CASCADE
) ENGINE=InnoDB DEFAULT CHARSET=utf8 COMMENT='Beneficiarios Empleados';

-- Volcando datos para la tabla sipre.bi_beneficiariosempleados: ~100 rows (aproximadamente)
/*!40000 ALTER TABLE `bi_beneficiariosempleados` DISABLE KEYS */;
INSERT INTO `bi_beneficiariosempleados` (`codEmpleado`, `codBeneficiario`, `tipBeneficio`, `munNacimiento`, `fechNacimiento`, `fechIniContrato`, `fecFinContrato`, `actUsuario`, `estActividad`, `actHora`) VALUES
	(52047977, 52047977, 'P', 17, '1995-03-07', '2016-03-06', '2017-03-01', 0, 'A', '2016-10-06 22:32:23'),
	(52068354, 52068354, 'E', 17, '1995-03-08', '2016-03-07', '2017-03-02', 0, 'A', '2016-10-07 22:32:23'),
	(52104025, 52104025, 'C', 17, '1995-03-09', '2016-03-08', '2017-03-03', 0, 'A', '2016-10-08 22:32:23'),
	(52120349, 52120349, 'H', 17, '1995-03-10', '2016-03-09', '2017-03-04', 0, 'A', '2016-10-09 22:32:23'),
	(52125917, 52125917, 'P', 18, '1995-03-11', '2016-03-10', '2017-03-05', 0, 'A', '2016-10-10 22:32:23'),
	(52130407, 52130407, 'E', 18, '1995-03-12', '2016-03-11', '2017-03-06', 0, 'A', '2016-10-11 22:32:23'),
	(52178847, 52178847, 'C', 18, '1995-03-13', '2016-03-12', '2017-03-07', 0, 'A', '2016-10-12 22:32:23'),
	(52216630, 52216630, 'H', 18, '1995-03-14', '2016-03-13', '2017-03-08', 0, 'A', '2016-10-13 22:32:23'),
	(52219588, 52219588, 'P', 19, '1995-03-15', '2016-03-14', '2017-03-09', 0, 'A', '2016-10-14 22:32:23'),
	(52220927, 52220927, 'E', 19, '1995-03-16', '2016-03-15', '2017-03-10', 0, 'A', '2016-10-15 22:32:23'),
	(52279904, 52279904, 'C', 19, '1995-03-17', '2016-03-16', '2017-03-11', 0, 'A', '2016-10-16 22:32:23'),
	(52300251, 52300251, 'H', 19, '1995-03-18', '2016-03-17', '2017-03-12', 0, 'A', '2016-10-17 22:32:23'),
	(52363417, 52363417, 'P', 20, '1995-03-19', '2016-03-18', '2017-03-13', 0, 'A', '2016-10-18 22:32:23'),
	(52394922, 52394922, 'E', 20, '1995-03-20', '2016-03-19', '2017-03-14', 0, 'A', '2016-10-19 22:32:23'),
	(52417009, 52417009, 'C', 20, '1995-03-21', '2016-03-20', '2017-03-15', 0, 'A', '2016-10-20 22:32:23'),
	(52460130, 52460130, 'H', 20, '1995-03-22', '2016-03-21', '2017-03-16', 0, 'A', '2016-10-21 22:32:23'),
	(52489985, 52489985, 'P', 21, '1995-03-23', '2016-03-22', '2017-03-17', 0, 'A', '2016-10-22 22:32:23'),
	(52514037, 52514037, 'E', 21, '1995-03-24', '2016-03-23', '2017-03-18', 0, 'A', '2016-10-23 22:32:23'),
	(52757161, 52757161, 'C', 21, '1995-03-25', '2016-03-24', '2017-03-19', 0, 'A', '2016-10-24 22:32:23'),
	(52795700, 52795700, 'H', 21, '1995-03-26', '2016-03-25', '2017-03-20', 0, 'A', '2016-10-25 22:32:23'),
	(52799604, 52799604, 'P', 22, '1995-03-27', '2016-03-26', '2017-03-21', 0, 'A', '2016-10-26 22:32:23'),
	(52800597, 52800597, 'E', 22, '1995-03-28', '2016-03-27', '2017-03-22', 0, 'A', '2016-10-27 22:32:23'),
	(52816026, 52816026, 'C', 22, '1995-03-29', '2016-03-28', '2017-03-23', 0, 'A', '2016-10-28 22:32:23'),
	(52857106, 52857106, 'H', 22, '1995-03-30', '2016-03-29', '2017-03-24', 0, 'A', '2016-10-29 22:32:23'),
	(52917611, 52917611, 'P', 23, '1995-03-31', '2016-03-30', '2017-03-25', 0, 'A', '2016-10-30 22:32:23'),
	(52950230, 52950230, 'E', 23, '1995-04-01', '2016-03-31', '2017-03-26', 0, 'A', '2016-10-31 22:32:23'),
	(53003318, 53003318, 'C', 23, '1995-04-02', '2016-04-01', '2017-03-27', 0, 'A', '2016-11-01 22:32:23'),
	(53032953, 53032953, 'H', 23, '1995-04-03', '2016-04-02', '2017-03-28', 0, 'A', '2016-11-02 22:32:23'),
	(53095235, 53095235, 'P', 24, '1995-04-04', '2016-04-03', '2017-03-29', 0, 'A', '2016-11-03 22:32:23'),
	(53101729, 53101729, 'E', 24, '1995-04-05', '2016-04-04', '2017-03-30', 0, 'A', '2016-11-04 22:32:23'),
	(53140295, 53140295, 'C', 24, '1995-04-06', '2016-04-05', '2017-03-31', 0, 'A', '2016-11-05 22:32:23'),
	(53153548, 53153548, 'H', 24, '1995-04-07', '2016-04-06', '2017-04-01', 0, 'A', '2016-11-06 22:32:23'),
	(53910933, 53910933, 'P', 25, '1995-04-08', '2016-04-07', '2017-04-02', 0, 'A', '2016-11-07 22:32:23'),
	(55165731, 55165731, 'E', 25, '1995-04-09', '2016-04-08', '2017-04-03', 0, 'A', '2016-11-08 22:32:23'),
	(55169600, 55169600, 'C', 25, '1995-04-10', '2016-04-09', '2017-04-04', 0, 'A', '2016-11-09 22:32:23'),
	(51986661, 91474044, 'H', 16, '1995-03-06', '2016-03-05', '2017-02-28', 0, 'A', '2016-10-05 22:32:23'),
	(51984513, 91478221, 'C', 16, '1995-03-05', '2016-03-04', '2017-02-27', 0, 'A', '2016-10-04 22:32:23'),
	(51974965, 91528420, 'E', 16, '1995-03-04', '2016-03-03', '2017-02-26', 0, 'A', '2016-10-03 22:32:23'),
	(51839922, 91538345, 'P', 16, '1995-03-03', '2016-03-02', '2017-02-25', 0, 'A', '2016-10-02 22:32:23'),
	(51826349, 91541739, 'H', 15, '1995-03-02', '2016-03-01', '2017-02-24', 0, 'A', '2016-10-01 22:32:23'),
	(51720586, 1010189408, 'C', 15, '1995-03-01', '2016-02-29', '2017-02-23', 0, 'A', '2016-09-30 22:32:23'),
	(51635023, 1013613998, 'E', 15, '1995-02-28', '2016-02-28', '2017-02-22', 0, 'A', '2016-09-29 22:32:23'),
	(51577957, 1014192553, 'P', 15, '1995-02-27', '2016-02-27', '2017-02-21', 0, 'A', '2016-09-28 22:32:23'),
	(45758730, 1016027413, 'H', 14, '1995-02-26', '2016-02-26', '2017-02-20', 0, 'A', '2016-09-27 22:32:23'),
	(45593580, 1016035412, 'C', 14, '1995-02-25', '2016-02-25', '2017-02-19', 0, 'A', '2016-09-26 22:32:23'),
	(45495337, 1018501836, 'E', 14, '1995-02-24', '2016-02-24', '2017-02-18', 0, 'A', '2016-09-25 22:32:23'),
	(45440153, 1019026394, 'P', 14, '1995-02-23', '2016-02-23', '2017-02-17', 0, 'A', '2016-09-24 22:32:23'),
	(43454420, 1020404020, 'H', 13, '1995-02-22', '2016-02-22', '2017-02-16', 0, 'A', '2016-09-23 22:32:23'),
	(41107318, 1022328244, 'C', 13, '1995-02-21', '2016-02-21', '2017-02-15', 0, 'A', '2016-09-22 22:32:23'),
	(40343260, 1022979027, 'E', 13, '1995-02-20', '2016-02-20', '2017-02-14', 0, 'A', '2016-09-21 22:32:23'),
	(39795274, 1022992673, 'P', 13, '1995-02-19', '2016-02-19', '2017-02-13', 0, 'A', '2016-09-20 22:32:23'),
	(39787609, 1023947705, 'H', 12, '1995-02-18', '2016-02-18', '2017-02-12', 0, 'A', '2016-09-19 22:32:23'),
	(39541778, 1024474036, 'C', 12, '1995-02-17', '2016-02-17', '2017-02-11', 0, 'A', '2016-09-18 22:32:23'),
	(38070432, 1024515553, 'E', 12, '1995-02-16', '2016-02-16', '2017-02-10', 0, 'A', '2016-09-17 22:32:23'),
	(37939589, 1030558927, 'P', 12, '1995-02-15', '2016-02-15', '2017-02-09', 0, 'A', '2016-09-16 22:32:23'),
	(37939382, 1030609499, 'H', 11, '1995-02-14', '2016-02-14', '2017-02-08', 0, 'A', '2016-09-15 22:32:23'),
	(37939262, 1031120858, 'C', 11, '1995-02-13', '2016-02-13', '2017-02-07', 0, 'A', '2016-09-14 22:32:23'),
	(37936908, 1031122775, 'E', 11, '1995-02-12', '2016-02-12', '2017-02-06', 0, 'A', '2016-09-13 22:32:23'),
	(37933619, 1031143670, 'P', 11, '1995-02-11', '2016-02-11', '2017-02-05', 0, 'A', '2016-09-12 22:32:23'),
	(37931606, 1032375696, 'H', 10, '1995-02-10', '2016-02-10', '2017-02-04', 0, 'A', '2016-09-11 22:32:23'),
	(37931129, 1032383813, 'C', 10, '1995-02-09', '2016-02-09', '2017-02-03', 0, 'A', '2016-09-10 22:32:23'),
	(37927881, 1032407275, 'E', 10, '1995-02-08', '2016-02-08', '2017-02-02', 0, 'A', '2016-09-09 22:32:23'),
	(37926843, 1032408636, 'P', 10, '1995-02-07', '2016-02-07', '2017-02-01', 0, 'A', '2016-09-08 22:32:23'),
	(37925665, 1032486690, 'H', 9, '1995-02-06', '2016-02-06', '2017-01-31', 0, 'A', '2016-09-07 22:32:23'),
	(37924787, 1033709413, 'C', 9, '1995-02-05', '2016-02-05', '2017-01-30', 0, 'A', '2016-09-06 22:32:23'),
	(37922676, 1033712778, 'E', 9, '1995-02-04', '2016-02-04', '2017-01-29', 0, 'A', '2016-09-05 22:32:23'),
	(37892554, 1033788473, 'P', 9, '1995-02-03', '2016-02-03', '2017-01-28', 0, 'A', '2016-09-04 22:32:23'),
	(37863808, 1047405010, 'H', 8, '1995-02-02', '2016-02-02', '2017-01-27', 0, 'A', '2016-09-03 22:32:23'),
	(37752015, 1047410567, 'C', 8, '1995-02-01', '2016-02-01', '2017-01-26', 0, 'A', '2016-09-02 22:32:23'),
	(37745608, 1047439284, 'E', 8, '1995-01-31', '2016-01-31', '2017-01-25', 0, 'A', '2016-09-01 22:32:23'),
	(37618882, 1072421152, 'P', 8, '1995-01-30', '2016-01-30', '2017-01-24', 0, 'A', '2016-08-31 22:32:23'),
	(37578737, 1073506519, 'H', 7, '1995-01-29', '2016-01-29', '2017-01-23', 0, 'A', '2016-08-30 22:32:23'),
	(37549209, 1075266723, 'C', 7, '1995-01-28', '2016-01-28', '2017-01-22', 0, 'A', '2016-08-29 22:32:23'),
	(37512098, 1076648344, 'E', 7, '1995-01-27', '2016-01-27', '2017-01-21', 0, 'A', '2016-08-28 22:32:23'),
	(37271992, 1091592778, 'P', 7, '1995-01-26', '2016-01-26', '2017-01-20', 0, 'A', '2016-08-27 22:32:23'),
	(37176748, 1095818716, 'H', 6, '1995-01-25', '2016-01-25', '2017-01-19', 0, 'A', '2016-08-26 22:32:23'),
	(36378724, 1096196289, 'C', 6, '1995-01-24', '2016-01-24', '2017-01-18', 0, 'A', '2016-08-25 22:32:23'),
	(35537800, 1096202596, 'E', 6, '1995-01-23', '2016-01-23', '2017-01-17', 0, 'A', '2016-08-24 22:32:23'),
	(33379082, 1096203174, 'P', 6, '1995-01-22', '2016-01-22', '2017-01-16', 0, 'A', '2016-08-23 22:32:23'),
	(32862708, 1096216526, 'H', 5, '1995-01-21', '2016-01-21', '2017-01-15', 0, 'A', '2016-08-22 22:32:23'),
	(30766858, 1096218397, 'C', 5, '1995-01-20', '2016-01-20', '2017-01-14', 0, 'A', '2016-08-21 22:32:23'),
	(30388309, 1096222004, 'E', 5, '1995-01-19', '2016-01-19', '2017-01-13', 0, 'A', '2016-08-20 22:32:23'),
	(28484102, 1096222137, 'P', 5, '1995-01-18', '2016-01-18', '2017-01-12', 0, 'A', '2016-08-19 22:32:23'),
	(28268671, 1096223245, 'H', 4, '1995-01-17', '2016-01-17', '2017-01-11', 0, 'A', '2016-08-18 22:32:23'),
	(22491851, 1096230066, 'C', 4, '1995-01-16', '2016-01-16', '2017-01-10', 0, 'A', '2016-08-17 22:32:23'),
	(22447043, 1096234078, 'E', 4, '1995-01-15', '2016-01-15', '2017-01-09', 0, 'A', '2016-08-16 22:32:23'),
	(21182195, 1096235801, 'P', 4, '1995-01-14', '2016-01-14', '2017-01-08', 0, 'A', '2016-08-15 22:32:23'),
	(19195436, 1096242637, 'H', 3, '1995-01-13', '2016-01-13', '2017-01-07', 0, 'A', '2016-08-14 22:32:23'),
	(16257476, 1096957599, 'C', 3, '1995-01-12', '2016-01-12', '2017-01-06', 0, 'A', '2016-08-13 22:32:23'),
	(13888309, 1098626359, 'E', 3, '1995-01-11', '2016-01-11', '2017-01-05', 0, 'A', '2016-08-12 22:32:23'),
	(13887667, 1098652841, 'P', 3, '1995-01-10', '2016-01-10', '2017-01-04', 0, 'A', '2016-08-11 22:32:23'),
	(13850071, 1098698268, 'H', 2, '1995-01-09', '2016-01-09', '2017-01-03', 0, 'A', '2016-08-10 22:32:23'),
	(13749758, 1098708497, 'C', 2, '1995-01-08', '2016-01-08', '2017-01-02', 0, 'A', '2016-08-09 22:32:23'),
	(13570962, 1098756062, 'E', 2, '1995-01-07', '2016-01-07', '2017-01-01', 0, 'A', '2016-08-08 22:32:23'),
	(13275270, 1098789775, 'P', 2, '1995-01-06', '2016-01-06', '2016-12-31', 0, 'A', '2016-08-07 22:32:23'),
	(13246034, 1102364904, 'H', 2, '1995-01-05', '2016-01-05', '2016-12-30', 0, 'A', '2016-08-06 22:32:23'),
	(11511150, 1102377103, 'C', 1, '1995-01-04', '2016-01-04', '2016-12-29', 0, 'A', '2016-08-05 22:32:23'),
	(9525543, 1129570120, 'E', 1, '1995-01-03', '2016-01-03', '2016-12-28', 0, 'A', '2016-08-04 22:32:23'),
	(7713170, 1143344749, 'P', 1, '1995-01-02', '2016-01-02', '2016-12-27', 0, 'A', '2016-08-03 22:32:23'),
	(3162669, 1143956502, 'H', 1, '1995-01-01', '2016-01-01', '2016-12-26', 0, 'A', '2016-08-02 22:32:23');
/*!40000 ALTER TABLE `bi_beneficiariosempleados` ENABLE KEYS */;


-- Volcando estructura para tabla sipre.bi_datosempleado
CREATE TABLE IF NOT EXISTS `bi_datosempleado` (
  `codEmpleado` int(11) NOT NULL COMMENT 'Codigo Empleado',
  `numContrato` int(11) NOT NULL COMMENT 'Numero de Contrato',
  `munNacimiento` int(11) NOT NULL COMMENT 'Municipio Nacimiento',
  `fechNacimiento` date NOT NULL COMMENT 'Fecha de Nacimiento',
  `tipContrato` char(1) NOT NULL COMMENT 'Tipo Contrato',
  `indActividad` char(1) NOT NULL COMMENT 'Indicador de Actividad',
  `fechIniContrato` date NOT NULL COMMENT 'Fecha de Inicicio de contrato',
  `fecFinContrato` date NOT NULL COMMENT 'Fecha Final de Contrato',
  `sueBasico` int(11) NOT NULL COMMENT 'Sueldo Basico',
  `actUsuario` int(15) NOT NULL COMMENT 'Actividad Usuario',
  `actEstado` char(1) NOT NULL COMMENT 'Actividad Estado',
  `actHora` timestamp NOT NULL DEFAULT CURRENT_TIMESTAMP COMMENT 'Actividad Hora',
  PRIMARY KEY (`codEmpleado`,`numContrato`),
  UNIQUE KEY `codEmpl_UNIQUE` (`codEmpleado`),
  KEY `FKmuni` (`munNacimiento`),
  CONSTRAINT `FKmuni` FOREIGN KEY (`munNacimiento`) REFERENCES `gn_municipio` (`codMunicipio`),
  CONSTRAINT `fk_biTerc` FOREIGN KEY (`codEmpleado`) REFERENCES `bi_datosterceros` (`codTerc`) ON DELETE CASCADE ON UPDATE CASCADE
) ENGINE=InnoDB DEFAULT CHARSET=utf8 COMMENT='datos Empleado';

-- Volcando datos para la tabla sipre.bi_datosempleado: ~152 rows (aproximadamente)
/*!40000 ALTER TABLE `bi_datosempleado` DISABLE KEYS */;
INSERT INTO `bi_datosempleado` (`codEmpleado`, `numContrato`, `munNacimiento`, `fechNacimiento`, `tipContrato`, `indActividad`, `fechIniContrato`, `fecFinContrato`, `sueBasico`, `actUsuario`, `actEstado`, `actHora`) VALUES
	(3162669, 1, 1, '1989-01-01', 'F', 'A', '2015-01-01', '2015-10-08', 1500000, 0, 'A', '2016-08-02 22:32:23'),
	(7713170, 1, 1, '1989-01-02', 'F', 'A', '2015-01-01', '2015-10-08', 1500000, 0, 'A', '2016-08-03 22:32:23'),
	(9525543, 1, 1, '1989-01-03', 'F', 'I', '2015-01-02', '2015-10-09', 1500000, 0, 'A', '2016-08-04 22:32:23'),
	(11511150, 1, 1, '1989-01-04', 'F', 'A', '2015-01-03', '2015-10-10', 1500000, 0, 'A', '2016-08-05 22:32:23'),
	(13246034, 1, 2, '1989-01-05', 'F', 'A', '2015-01-04', '2015-10-11', 1500000, 0, 'A', '2016-08-06 22:32:23'),
	(13275270, 1, 2, '1989-01-06', 'F', 'I', '2015-01-05', '2015-10-12', 1500000, 0, 'A', '2016-08-07 22:32:23'),
	(13570962, 1, 2, '1989-01-07', 'F', 'A', '2015-01-06', '2015-10-13', 1500000, 0, 'A', '2016-08-08 22:32:23'),
	(13749758, 1, 2, '1989-01-08', 'F', 'A', '2015-01-07', '2015-10-14', 1500000, 0, 'A', '2016-08-09 22:32:23'),
	(13850071, 1, 2, '1989-01-09', 'F', 'I', '2015-01-08', '2015-10-15', 1500000, 0, 'A', '2016-08-10 22:32:23'),
	(13887667, 1, 3, '1989-01-10', 'F', 'A', '2015-01-09', '2015-10-16', 1500000, 0, 'A', '2016-08-11 22:32:23'),
	(13888309, 1, 3, '1989-01-11', 'F', 'A', '2015-01-10', '2015-10-17', 1500000, 0, 'A', '2016-08-12 22:32:23'),
	(16257476, 1, 3, '1989-01-12', 'F', 'I', '2015-01-11', '2015-10-18', 1500000, 0, 'A', '2016-08-13 22:32:23'),
	(19195436, 1, 3, '1989-01-13', 'F', 'A', '2015-01-12', '2015-10-19', 1500000, 0, 'A', '2016-08-14 22:32:23'),
	(21182195, 1, 4, '1989-01-14', 'F', 'A', '2015-01-13', '2015-10-20', 1500000, 0, 'A', '2016-08-15 22:32:23'),
	(22447043, 1, 4, '1989-01-15', 'F', 'I', '2015-01-14', '2015-10-21', 1500000, 0, 'A', '2016-08-16 22:32:23'),
	(22491851, 1, 4, '1989-01-16', 'F', 'A', '2015-01-15', '2015-10-22', 1500000, 0, 'A', '2016-08-17 22:32:23'),
	(28268671, 1, 4, '1989-01-17', 'F', 'A', '2015-01-16', '2015-10-23', 1500000, 0, 'A', '2016-08-18 22:32:23'),
	(28484102, 1, 5, '1989-01-18', 'F', 'I', '2015-01-17', '2015-10-24', 1500000, 0, 'A', '2016-08-19 22:32:23'),
	(30388309, 1, 5, '1989-01-19', 'F', 'A', '2015-01-18', '2015-10-25', 1500000, 0, 'A', '2016-08-20 22:32:23'),
	(30766858, 1, 5, '1989-01-20', 'F', 'A', '2015-01-19', '2015-10-26', 1500000, 0, 'A', '2016-08-21 22:32:23'),
	(32862708, 1, 5, '1989-01-21', 'F', 'I', '2015-01-20', '2015-10-27', 1500000, 0, 'A', '2016-08-22 22:32:23'),
	(33379082, 1, 6, '1989-01-22', 'F', 'A', '2015-01-21', '2015-10-28', 1500000, 0, 'A', '2016-08-23 22:32:23'),
	(35537800, 1, 6, '1989-01-23', 'F', 'A', '2015-01-22', '2015-10-29', 1500000, 0, 'A', '2016-08-24 22:32:23'),
	(36378724, 1, 6, '1989-01-24', 'F', 'I', '2015-01-23', '2015-10-30', 1500000, 0, 'A', '2016-08-25 22:32:23'),
	(37176748, 1, 6, '1989-01-25', 'F', 'A', '2015-01-24', '2015-10-31', 1500000, 0, 'A', '2016-08-26 22:32:23'),
	(37271992, 1, 7, '1989-01-26', 'F', 'A', '2015-01-25', '2015-11-01', 1500000, 0, 'A', '2016-08-27 22:32:23'),
	(37512098, 1, 7, '1989-01-27', 'F', 'I', '2015-01-26', '2015-11-02', 1500000, 0, 'A', '2016-08-28 22:32:23'),
	(37549209, 1, 7, '1989-01-28', 'F', 'A', '2015-01-27', '2015-11-03', 1500000, 0, 'A', '2016-08-29 22:32:23'),
	(37578737, 1, 7, '1989-01-29', 'F', 'A', '2015-01-28', '2015-11-04', 1500000, 0, 'A', '2016-08-30 22:32:23'),
	(37618882, 1, 8, '1989-01-30', 'F', 'I', '2015-01-29', '2015-11-05', 1500000, 0, 'A', '2016-08-31 22:32:23'),
	(37745608, 1, 8, '1989-01-31', 'F', 'A', '2015-01-30', '2015-11-06', 1500000, 0, 'A', '2016-09-01 22:32:23'),
	(37752015, 1, 8, '1989-02-01', 'F', 'A', '2015-01-31', '2015-11-07', 1500000, 0, 'A', '2016-09-02 22:32:23'),
	(37863808, 1, 8, '1989-02-02', 'F', 'I', '2015-02-01', '2015-11-08', 1500000, 0, 'A', '2016-09-03 22:32:23'),
	(37892554, 1, 9, '1989-02-03', 'F', 'A', '2015-02-02', '2015-11-09', 1500000, 0, 'A', '2016-09-04 22:32:23'),
	(37922676, 1, 9, '1989-02-04', 'F', 'A', '2015-02-03', '2015-11-10', 1500000, 0, 'A', '2016-09-05 22:32:23'),
	(37924787, 1, 9, '1989-02-05', 'F', 'I', '2015-02-04', '2015-11-11', 1500000, 0, 'A', '2016-09-06 22:32:23'),
	(37925665, 1, 9, '1989-02-06', 'F', 'A', '2015-02-05', '2015-11-12', 1500000, 0, 'A', '2016-09-07 22:32:23'),
	(37926843, 1, 10, '1989-02-07', 'F', 'A', '2015-02-06', '2015-11-13', 1500000, 0, 'A', '2016-09-08 22:32:23'),
	(37927881, 1, 10, '1989-02-08', 'F', 'I', '2015-02-07', '2015-11-14', 1500000, 0, 'A', '2016-09-09 22:32:23'),
	(37931129, 1, 10, '1989-02-09', 'F', 'A', '2015-02-08', '2015-11-15', 1500000, 0, 'A', '2016-09-10 22:32:23'),
	(37931606, 1, 10, '1989-02-10', 'F', 'A', '2015-02-09', '2015-11-16', 1500000, 0, 'A', '2016-09-11 22:32:23'),
	(37933619, 1, 11, '1989-02-11', 'F', 'I', '2015-02-10', '2015-11-17', 1500000, 0, 'A', '2016-09-12 22:32:23'),
	(37936908, 1, 11, '1989-02-12', 'F', 'A', '2015-02-11', '2015-11-18', 1500000, 0, 'A', '2016-09-13 22:32:23'),
	(37939262, 1, 11, '1989-02-13', 'F', 'A', '2015-02-12', '2015-11-19', 1500000, 0, 'A', '2016-09-14 22:32:23'),
	(37939382, 1, 11, '1989-02-14', 'F', 'I', '2015-02-13', '2015-11-20', 1500000, 0, 'A', '2016-09-15 22:32:23'),
	(37939589, 1, 12, '1989-02-15', 'F', 'A', '2015-02-14', '2015-11-21', 1500000, 0, 'A', '2016-09-16 22:32:23'),
	(38070432, 1, 12, '1989-02-16', 'F', 'A', '2015-02-15', '2015-11-22', 1500000, 0, 'A', '2016-09-17 22:32:23'),
	(39541778, 1, 12, '1989-02-17', 'F', 'I', '2015-02-16', '2015-11-23', 1500000, 0, 'A', '2016-09-18 22:32:23'),
	(39787609, 1, 12, '1989-02-18', 'F', 'A', '2015-02-17', '2015-11-24', 1500000, 0, 'A', '2016-09-19 22:32:23'),
	(39795274, 1, 13, '1989-02-19', 'F', 'A', '2015-02-18', '2015-11-25', 1500000, 0, 'A', '2016-09-20 22:32:23'),
	(40343260, 1, 13, '1989-02-20', 'F', 'I', '2015-02-19', '2015-11-26', 1500000, 0, 'A', '2016-09-21 22:32:23'),
	(41107318, 1, 13, '1989-02-21', 'F', 'A', '2015-02-20', '2015-11-27', 1500000, 0, 'A', '2016-09-22 22:32:23'),
	(43454420, 1, 13, '1989-02-22', 'F', 'A', '2015-02-21', '2015-11-28', 1500000, 0, 'A', '2016-09-23 22:32:23'),
	(45440153, 1, 14, '1989-02-23', 'F', 'I', '2015-02-22', '2015-11-29', 1500000, 0, 'A', '2016-09-24 22:32:23'),
	(45495337, 1, 14, '1989-02-24', 'F', 'A', '2015-02-23', '2015-11-30', 1500000, 0, 'A', '2016-09-25 22:32:23'),
	(45593580, 1, 14, '1989-02-25', 'F', 'A', '2015-02-24', '2015-12-01', 1500000, 0, 'A', '2016-09-26 22:32:23'),
	(45758730, 1, 14, '1989-02-26', 'F', 'I', '2015-02-25', '2015-12-02', 1500000, 0, 'A', '2016-09-27 22:32:23'),
	(51577957, 1, 15, '1989-02-27', 'F', 'A', '2015-02-26', '2015-12-03', 1500000, 0, 'A', '2016-09-28 22:32:23'),
	(51635023, 1, 15, '1989-02-28', 'F', 'A', '2015-02-27', '2015-12-04', 1500000, 0, 'A', '2016-09-29 22:32:23'),
	(51720586, 1, 15, '1989-03-01', 'F', 'I', '2015-02-28', '2015-12-05', 1500000, 0, 'A', '2016-09-30 22:32:23'),
	(51826349, 1, 15, '1989-03-02', 'F', 'A', '2015-03-01', '2015-12-06', 1500000, 0, 'A', '2016-10-01 22:32:23'),
	(51839922, 1, 16, '1989-03-03', 'F', 'A', '2015-03-02', '2015-12-07', 1500000, 0, 'A', '2016-10-02 22:32:23'),
	(51974965, 1, 16, '1989-03-04', 'F', 'I', '2015-03-03', '2015-12-08', 1500000, 0, 'A', '2016-10-03 22:32:23'),
	(51984513, 1, 16, '1989-03-05', 'F', 'A', '2015-03-04', '2015-12-09', 1500000, 0, 'A', '2016-10-04 22:32:23'),
	(51986661, 1, 16, '1989-03-06', 'F', 'A', '2015-03-05', '2015-12-10', 1500000, 0, 'A', '2016-10-05 22:32:23'),
	(52047977, 1, 17, '1989-03-07', 'I', 'I', '2015-03-06', '0000-00-00', 1800000, 0, 'A', '2016-10-06 22:32:23'),
	(52068354, 1, 17, '1989-03-08', 'I', 'A', '2015-03-07', '0000-00-00', 689450, 0, 'A', '2016-10-07 22:32:23'),
	(52104025, 1, 17, '1989-03-09', 'I', 'A', '2015-03-08', '0000-00-00', 1800000, 0, 'A', '2016-10-08 22:32:23'),
	(52120349, 1, 17, '1989-03-10', 'I', 'I', '2015-03-09', '0000-00-00', 1800000, 0, 'A', '2016-10-09 22:32:23'),
	(52125917, 1, 18, '1989-03-11', 'I', 'A', '2015-03-10', '0000-00-00', 1800000, 0, 'A', '2016-10-10 22:32:23'),
	(52130407, 1, 18, '1989-03-12', 'I', 'A', '2015-03-11', '0000-00-00', 1800000, 0, 'A', '2016-10-11 22:32:23'),
	(52178847, 1, 18, '1989-03-13', 'I', 'I', '2015-03-12', '0000-00-00', 1800000, 0, 'A', '2016-10-12 22:32:23'),
	(52216630, 1, 18, '1989-03-14', 'I', 'A', '2015-03-13', '0000-00-00', 1800000, 0, 'A', '2016-10-13 22:32:23'),
	(52219588, 1, 19, '1989-03-15', 'I', 'A', '2015-03-14', '0000-00-00', 1800000, 0, 'A', '2016-10-14 22:32:23'),
	(52220927, 1, 19, '1989-03-16', 'I', 'I', '2015-03-15', '0000-00-00', 1800000, 0, 'A', '2016-10-15 22:32:23'),
	(52279904, 1, 19, '1989-03-17', 'I', 'A', '2015-03-16', '0000-00-00', 1800000, 0, 'A', '2016-10-16 22:32:23'),
	(52300251, 1, 19, '1989-03-18', 'I', 'A', '2015-03-17', '0000-00-00', 1800000, 0, 'A', '2016-10-17 22:32:23'),
	(52363417, 1, 20, '1989-03-19', 'I', 'I', '2015-03-18', '0000-00-00', 689450, 0, 'A', '2016-10-18 22:32:23'),
	(52394922, 1, 20, '1989-03-20', 'I', 'A', '2015-03-19', '0000-00-00', 1800000, 0, 'A', '2016-10-19 22:32:23'),
	(52417009, 1, 20, '1989-03-21', 'I', 'A', '2015-03-20', '0000-00-00', 1800000, 0, 'A', '2016-10-20 22:32:23'),
	(52460130, 1, 20, '1989-03-22', 'I', 'I', '2015-03-21', '0000-00-00', 1800000, 0, 'A', '2016-10-21 22:32:23'),
	(52489985, 1, 21, '1989-03-23', 'I', 'A', '2015-03-22', '0000-00-00', 1800000, 0, 'A', '2016-10-22 22:32:23'),
	(52514037, 1, 21, '1989-03-24', 'I', 'A', '2015-03-23', '0000-00-00', 1800000, 0, 'A', '2016-10-23 22:32:23'),
	(52757161, 1, 21, '1989-03-25', 'I', 'I', '2015-03-24', '0000-00-00', 1800000, 0, 'A', '2016-10-24 22:32:23'),
	(52795700, 1, 21, '1989-03-26', 'I', 'A', '2015-03-25', '0000-00-00', 1800000, 0, 'A', '2016-10-25 22:32:23'),
	(52799604, 1, 22, '1989-03-27', 'I', 'A', '2015-03-26', '0000-00-00', 1800000, 0, 'A', '2016-10-26 22:32:23'),
	(52800597, 1, 22, '1989-03-28', 'I', 'I', '2015-03-27', '0000-00-00', 900000, 0, 'A', '2016-10-27 22:32:23'),
	(52816026, 1, 22, '1989-03-29', 'I', 'A', '2015-03-28', '0000-00-00', 1800000, 0, 'A', '2016-10-28 22:32:23'),
	(52857106, 1, 22, '1989-03-30', 'I', 'A', '2015-03-29', '0000-00-00', 1800000, 0, 'A', '2016-10-29 22:32:23'),
	(52917611, 1, 23, '1989-03-31', 'I', 'I', '2015-03-30', '0000-00-00', 689450, 0, 'A', '2016-10-30 22:32:23'),
	(52950230, 1, 23, '1989-04-01', 'I', 'A', '2015-03-31', '0000-00-00', 1800000, 0, 'A', '2016-10-31 22:32:23'),
	(53003318, 1, 23, '1989-04-02', 'I', 'A', '2015-04-01', '0000-00-00', 1800000, 0, 'A', '2016-11-01 22:32:23'),
	(53032953, 1, 23, '1989-04-03', 'I', 'I', '2015-04-02', '0000-00-00', 1800000, 0, 'A', '2016-11-02 22:32:23'),
	(53095235, 1, 24, '1989-04-04', 'I', 'A', '2015-04-03', '0000-00-00', 1800000, 0, 'A', '2016-11-03 22:32:23'),
	(53101729, 1, 24, '1989-04-05', 'I', 'A', '2015-04-04', '0000-00-00', 1800000, 0, 'A', '2016-11-04 22:32:23'),
	(53140295, 1, 24, '1989-04-06', 'I', 'I', '2015-04-05', '0000-00-00', 900000, 0, 'A', '2016-11-05 22:32:23'),
	(53153548, 1, 24, '1989-04-07', 'I', 'A', '2015-04-06', '0000-00-00', 1800000, 0, 'A', '2016-11-06 22:32:23'),
	(53910933, 1, 25, '1989-04-08', 'I', 'A', '2015-04-07', '0000-00-00', 1800000, 0, 'A', '2016-11-07 22:32:23'),
	(55165731, 1, 25, '1989-04-09', 'I', 'I', '2015-04-08', '0000-00-00', 1800000, 0, 'A', '2016-11-08 22:32:23'),
	(55169600, 1, 25, '1989-04-10', 'I', 'A', '2015-04-09', '0000-00-00', 1800000, 0, 'A', '2016-11-09 22:32:23'),
	(56085611, 1, 25, '1989-04-11', 'I', 'A', '2015-04-10', '0000-00-00', 689450, 0, 'A', '2016-11-10 22:32:23'),
	(60435050, 1, 26, '1989-04-12', 'I', 'I', '2015-04-11', '0000-00-00', 1800000, 0, 'A', '2016-11-11 22:32:23'),
	(63318334, 1, 26, '1989-04-13', 'I', 'A', '2015-04-12', '0000-00-00', 1800000, 0, 'A', '2016-11-12 22:32:23'),
	(63346069, 1, 26, '1989-04-14', 'I', 'A', '2015-04-13', '0000-00-00', 1800000, 0, 'A', '2016-11-13 22:32:23'),
	(63349300, 1, 26, '1989-04-15', 'I', 'I', '2015-04-14', '0000-00-00', 1800000, 0, 'A', '2016-11-14 22:32:23'),
	(63358148, 1, 27, '1989-04-16', 'I', 'A', '2015-04-15', '0000-00-00', 1800000, 0, 'A', '2016-11-15 22:32:23'),
	(63431778, 1, 27, '1989-04-17', 'I', 'A', '2015-04-16', '0000-00-00', 1800000, 0, 'A', '2016-11-16 22:32:23'),
	(63457162, 1, 27, '1989-04-18', 'I', 'I', '2015-04-17', '0000-00-00', 1100000, 0, 'A', '2016-11-17 22:32:23'),
	(63459969, 1, 27, '1989-04-19', 'I', 'A', '2015-04-18', '0000-00-00', 550000, 0, 'A', '2016-11-18 22:32:23'),
	(63460585, 1, 28, '1989-04-20', 'I', 'A', '2015-04-19', '0000-00-00', 1800000, 0, 'A', '2016-11-19 22:32:23'),
	(63463645, 1, 28, '1989-04-21', 'I', 'I', '2015-04-20', '0000-00-00', 1800000, 0, 'A', '2016-11-20 22:32:23'),
	(63467998, 1, 28, '1989-04-22', 'I', 'A', '2015-04-21', '0000-00-00', 689450, 0, 'A', '2016-11-21 22:32:23'),
	(63470374, 1, 28, '1989-04-23', 'I', 'A', '2015-04-22', '0000-00-00', 1100000, 0, 'A', '2016-11-22 22:32:23'),
	(63471497, 1, 29, '1989-04-24', 'I', 'I', '2015-04-23', '0000-00-00', 1800000, 0, 'A', '2016-11-23 22:32:23'),
	(63473080, 1, 29, '1989-04-25', 'I', 'A', '2015-04-24', '0000-00-00', 1800000, 0, 'A', '2016-11-24 22:32:23'),
	(63483540, 1, 29, '1989-04-26', 'I', 'A', '2015-04-25', '0000-00-00', 1800000, 0, 'A', '2016-11-25 22:32:23'),
	(63497056, 1, 29, '1989-04-27', 'I', 'I', '2015-04-26', '0000-00-00', 1100000, 0, 'A', '2016-11-26 22:32:23'),
	(63523799, 1, 30, '1989-04-28', 'I', 'A', '2015-04-27', '0000-00-00', 1800000, 0, 'A', '2016-11-27 22:32:23'),
	(63539100, 1, 30, '1989-04-29', 'I', 'A', '2015-04-28', '0000-00-00', 1800000, 0, 'A', '2016-11-28 22:32:23'),
	(64577082, 1, 30, '1989-04-30', 'I', 'I', '2015-04-29', '0000-00-00', 900000, 0, 'A', '2016-11-29 22:32:23'),
	(65792229, 1, 30, '1989-05-01', 'I', 'A', '2015-04-30', '0000-00-00', 1800000, 0, 'A', '2016-11-30 22:32:23'),
	(73190671, 1, 31, '1989-05-02', 'I', 'A', '2015-05-01', '0000-00-00', 1800000, 0, 'A', '2016-12-01 22:32:23'),
	(73243185, 1, 31, '1989-05-03', 'I', 'I', '2015-05-02', '0000-00-00', 1800000, 0, 'A', '2016-12-02 22:32:23'),
	(73376009, 1, 31, '1989-05-04', 'I', 'A', '2015-05-03', '0000-00-00', 689450, 0, 'A', '2016-12-03 22:32:23'),
	(79245645, 1, 31, '1989-05-05', 'I', 'A', '2015-05-04', '0000-00-00', 1800000, 0, 'A', '2016-12-04 22:32:23'),
	(79252278, 1, 32, '1989-05-06', 'I', 'I', '2015-05-05', '0000-00-00', 1800000, 0, 'A', '2016-12-05 22:32:23'),
	(79370413, 1, 32, '1989-05-07', 'I', 'A', '2015-05-06', '0000-00-00', 1800000, 0, 'A', '2016-12-06 22:32:23'),
	(79400609, 1, 32, '1989-05-08', 'I', 'A', '2015-05-07', '0000-00-00', 1800000, 0, 'A', '2016-12-07 22:32:23'),
	(79406307, 1, 32, '1989-05-09', 'I', 'I', '2015-05-08', '0000-00-00', 1800000, 0, 'A', '2016-12-08 22:32:23'),
	(79463626, 1, 33, '1989-05-10', 'I', 'A', '2015-05-09', '0000-00-00', 1800000, 0, 'A', '2016-12-09 22:32:23'),
	(79467290, 1, 33, '1989-05-11', 'I', 'A', '2015-05-10', '0000-00-00', 1800000, 0, 'A', '2016-12-10 22:32:23'),
	(79474500, 1, 33, '1989-05-12', 'I', 'I', '2015-05-11', '0000-00-00', 1800000, 0, 'A', '2016-12-11 22:32:23'),
	(79503353, 1, 33, '1989-05-13', 'I', 'A', '2015-05-12', '0000-00-00', 1800000, 0, 'A', '2016-12-12 22:32:23'),
	(79505504, 1, 34, '1989-05-14', 'I', 'A', '2015-05-13', '0000-00-00', 689450, 0, 'A', '2016-12-13 22:32:23'),
	(79526451, 1, 34, '1989-05-15', 'I', 'I', '2015-05-14', '0000-00-00', 1800000, 0, 'A', '2016-12-14 22:32:23'),
	(79622262, 1, 34, '1989-05-16', 'I', 'A', '2015-05-15', '0000-00-00', 900000, 0, 'A', '2016-12-15 22:32:23'),
	(79626621, 1, 34, '1989-05-17', 'I', 'A', '2015-05-16', '0000-00-00', 1800000, 0, 'A', '2016-12-16 22:32:23'),
	(79646350, 1, 35, '1989-05-18', 'I', 'I', '2015-05-17', '0000-00-00', 1800000, 0, 'A', '2016-12-17 22:32:23'),
	(79702885, 1, 35, '1989-05-19', 'I', 'A', '2015-05-18', '0000-00-00', 1800000, 0, 'A', '2016-12-18 22:32:23'),
	(79872394, 1, 35, '1989-05-20', 'I', 'A', '2015-05-19', '0000-00-00', 1800000, 0, 'A', '2016-12-19 22:32:23'),
	(80114936, 1, 35, '1989-05-21', 'I', 'I', '2015-05-20', '0000-00-00', 1100000, 0, 'A', '2016-12-20 22:32:23'),
	(80134085, 1, 36, '1989-05-22', 'I', 'A', '2015-05-21', '0000-00-00', 1800000, 0, 'A', '2016-12-21 22:32:23'),
	(80171743, 1, 36, '1989-05-23', 'I', 'A', '2015-05-22', '0000-00-00', 1800000, 0, 'A', '2016-12-22 22:32:23'),
	(80217437, 1, 36, '1989-05-24', 'I', 'I', '2015-05-23', '0000-00-00', 1800000, 0, 'A', '2016-12-23 22:32:23'),
	(80500206, 1, 36, '1989-05-25', 'I', 'A', '2015-05-24', '0000-00-00', 689450, 0, 'A', '2016-12-24 22:32:23'),
	(80850966, 1, 37, '1989-05-26', 'I', 'A', '2015-05-25', '0000-00-00', 1800000, 0, 'A', '2016-12-25 22:32:23'),
	(80863451, 1, 37, '1989-05-27', 'I', 'I', '2015-05-26', '0000-00-00', 1800000, 0, 'A', '2016-12-26 22:32:23'),
	(80863865, 1, 37, '1989-05-28', 'I', 'A', '2015-05-27', '0000-00-00', 1100000, 0, 'A', '2016-12-27 22:32:23'),
	(86084659, 1, 37, '1989-05-29', 'I', 'A', '2015-05-28', '0000-00-00', 1800000, 0, 'A', '2016-12-28 22:32:23'),
	(88213876, 1, 38, '1989-05-30', 'I', 'I', '2015-05-29', '0000-00-00', 1100000, 0, 'A', '2016-12-29 22:32:23'),
	(91353894, 1, 38, '1989-05-31', 'I', 'A', '2015-05-30', '0000-00-00', 1800000, 0, 'A', '2016-12-30 22:32:23'),
	(91424840, 1, 38, '1989-06-01', 'I', 'A', '2015-05-31', '0000-00-00', 1800000, 0, 'A', '2016-12-31 22:32:23');
/*!40000 ALTER TABLE `bi_datosempleado` ENABLE KEYS */;


-- Volcando estructura para tabla sipre.bi_datosproveedor
CREATE TABLE IF NOT EXISTS `bi_datosproveedor` (
  `codProveedor` int(11) NOT NULL COMMENT 'Codigo Proveedor',
  `tipProveedor` char(1) NOT NULL COMMENT 'Tipo de Proveedor',
  `indActividad` char(1) NOT NULL COMMENT 'Indicador de Actividad',
  `fecInicio` date NOT NULL COMMENT 'Fecha de Inicio',
  `fecFinal` date NOT NULL COMMENT 'Fecha Fin',
  `actUsuario` int(15) NOT NULL COMMENT 'Actividad Usuario',
  `actEstado` char(1) NOT NULL COMMENT 'Actividad Estado',
  `actHora` timestamp NOT NULL DEFAULT CURRENT_TIMESTAMP COMMENT 'Actividad Hora',
  PRIMARY KEY (`codProveedor`),
  UNIQUE KEY `idprDatob_UNIQUE` (`codProveedor`),
  CONSTRAINT `FKtecer_prove` FOREIGN KEY (`codProveedor`) REFERENCES `bi_datosterceros` (`codTerc`)
) ENGINE=InnoDB DEFAULT CHARSET=utf8 COMMENT='Datos Proveedor';

-- Volcando datos para la tabla sipre.bi_datosproveedor: ~71 rows (aproximadamente)
/*!40000 ALTER TABLE `bi_datosproveedor` DISABLE KEYS */;
INSERT INTO `bi_datosproveedor` (`codProveedor`, `tipProveedor`, `indActividad`, `fecInicio`, `fecFinal`, `actUsuario`, `actEstado`, `actHora`) VALUES
	(800037800, 'I', 'A', '2015-01-01', '2015-12-27', 0, 'A', '2016-08-02 15:00:00'),
	(800088702, 'M', 'A', '2015-01-02', '2015-12-28', 0, 'A', '2016-08-02 15:00:00'),
	(800106339, 'F', 'A', '2015-01-03', '2015-12-29', 0, 'A', '2016-08-02 15:00:00'),
	(800130907, 'I', 'A', '2015-01-04', '2015-12-30', 0, 'A', '2016-08-02 15:00:00'),
	(800139690, 'M', 'A', '2015-01-05', '2015-12-31', 0, 'A', '2016-08-02 15:00:00'),
	(800140680, 'F', 'A', '2015-01-06', '2016-01-01', 0, 'A', '2016-08-02 15:00:00'),
	(800140949, 'I', 'I', '2015-01-07', '2016-01-02', 0, 'A', '2016-08-02 15:00:00'),
	(800144331, 'M', 'I', '2015-01-08', '2016-01-03', 0, 'A', '2016-08-02 15:00:00'),
	(800150280, 'F', 'I', '2015-01-09', '2016-01-04', 0, 'A', '2016-08-02 15:00:00'),
	(800159085, 'I', 'I', '2015-01-10', '2016-01-05', 0, 'A', '2016-08-02 15:00:00'),
	(800170494, 'M', 'I', '2015-01-11', '2016-01-06', 0, 'A', '2016-08-02 15:00:00'),
	(800176994, 'F', 'I', '2015-01-12', '2016-01-07', 0, 'A', '2016-08-02 15:00:00'),
	(800184549, 'I', 'I', '2015-01-13', '2016-01-08', 0, 'A', '2016-08-02 15:00:00'),
	(800189529, 'M', 'I', '2015-01-14', '2016-01-09', 0, 'A', '2016-08-02 15:00:00'),
	(800198281, 'F', 'I', '2015-01-15', '2016-01-10', 0, 'A', '2016-08-02 15:00:00'),
	(800198644, 'I', 'I', '2015-01-16', '2016-01-11', 0, 'A', '2016-08-02 15:00:00'),
	(800224827, 'M', 'I', '2015-01-17', '2016-01-12', 0, 'A', '2016-08-02 15:00:00'),
	(800226175, 'F', 'I', '2015-01-18', '2016-01-13', 0, 'A', '2016-08-02 15:00:00'),
	(800227940, 'I', 'I', '2015-01-19', '2016-01-14', 0, 'A', '2016-08-02 15:00:00'),
	(800229256, 'M', 'I', '2015-01-20', '2016-01-15', 0, 'A', '2016-08-02 15:00:00'),
	(800229739, 'F', 'I', '2015-01-21', '2016-01-16', 0, 'A', '2016-08-02 15:00:00'),
	(800231967, 'I', 'I', '2015-01-22', '2016-01-17', 0, 'A', '2016-08-02 15:00:00'),
	(800250119, 'M', 'I', '2015-01-23', '2016-01-18', 0, 'A', '2016-08-02 15:00:00'),
	(800251440, 'F', 'I', '2015-01-24', '2016-01-19', 0, 'A', '2016-08-02 15:00:00'),
	(800253055, 'I', 'I', '2015-01-25', '2016-01-20', 0, 'A', '2016-08-02 15:00:00'),
	(804001273, 'M', 'I', '2015-01-26', '2016-01-21', 0, 'A', '2016-08-02 15:00:00'),
	(805000427, 'F', 'I', '2015-01-27', '2016-01-22', 0, 'A', '2016-08-02 15:00:00'),
	(805001157, 'I', 'I', '2015-01-28', '2016-01-23', 0, 'A', '2016-08-02 15:00:00'),
	(811015884, 'M', 'I', '2015-01-29', '2016-01-24', 0, 'A', '2016-08-02 15:00:00'),
	(830003564, 'F', 'I', '2015-01-30', '2016-01-25', 0, 'A', '2016-08-02 15:00:00'),
	(830006404, 'I', 'I', '2015-01-31', '2016-01-26', 0, 'A', '2016-08-02 15:00:00'),
	(830009783, 'M', 'I', '2015-02-01', '2016-01-27', 0, 'A', '2016-08-02 15:00:00'),
	(830038085, 'F', 'I', '2015-02-02', '2016-01-28', 0, 'A', '2016-08-02 15:00:00'),
	(830113831, 'I', 'I', '2015-02-03', '2016-01-29', 0, 'A', '2016-08-02 15:00:00'),
	(844003392, 'M', 'I', '2015-02-04', '2016-01-30', 0, 'A', '2016-08-02 15:00:00'),
	(860002398, 'F', 'I', '2015-02-05', '2016-01-31', 0, 'A', '2016-08-02 15:00:00'),
	(860002962, 'I', 'I', '2015-02-06', '2016-02-01', 0, 'A', '2016-08-02 15:00:00'),
	(860003020, 'M', 'I', '2015-02-07', '2016-02-02', 0, 'A', '2016-08-02 15:00:00'),
	(860006773, 'F', 'I', '2015-02-08', '2016-02-03', 0, 'A', '2016-08-02 15:00:00'),
	(860007335, 'I', 'I', '2015-02-09', '2016-02-04', 0, 'A', '2016-08-02 15:00:00'),
	(860011153, 'M', 'I', '2015-02-10', '2016-02-05', 0, 'A', '2016-08-02 15:00:00'),
	(860013570, 'F', 'I', '2015-02-11', '2016-02-06', 0, 'A', '2016-08-02 15:00:00'),
	(860013743, 'I', 'I', '2015-02-12', '2016-02-07', 0, 'A', '2016-08-02 15:00:00'),
	(860013816, 'M', 'I', '2015-02-13', '2016-02-08', 0, 'A', '2016-08-02 15:00:00'),
	(860027404, 'F', 'I', '2015-02-14', '2016-02-09', 0, 'A', '2016-08-02 15:00:00'),
	(860034133, 'I', 'I', '2015-02-15', '2016-02-10', 0, 'A', '2016-08-02 15:00:00'),
	(860034313, 'M', 'I', '2015-02-16', '2016-02-11', 0, 'A', '2016-08-02 15:00:00'),
	(860034594, 'F', 'I', '2015-02-17', '2016-02-12', 0, 'A', '2016-08-02 15:00:00'),
	(860035827, 'I', 'I', '2015-02-18', '2016-02-13', 0, 'A', '2016-08-02 15:00:00'),
	(860066942, 'M', 'I', '2015-02-19', '2016-02-14', 0, 'A', '2016-08-02 15:00:00'),
	(860512237, 'F', 'I', '2015-02-20', '2016-02-15', 0, 'A', '2016-08-02 15:00:00'),
	(890200106, 'I', 'I', '2015-02-21', '2016-02-16', 0, 'A', '2016-08-02 15:00:00'),
	(890201063, 'M', 'I', '2015-02-22', '2016-02-17', 0, 'A', '2016-08-02 15:00:00'),
	(890201578, 'F', 'I', '2015-02-23', '2016-02-18', 0, 'A', '2016-08-02 15:00:00'),
	(890270109, 'I', 'I', '2015-02-24', '2016-02-19', 0, 'A', '2016-08-02 15:00:00'),
	(890303208, 'M', 'I', '2015-02-25', '2016-02-20', 0, 'A', '2016-08-02 15:00:00'),
	(890480023, 'F', 'I', '2015-02-26', '2016-02-21', 0, 'A', '2016-08-02 15:00:00'),
	(890500675, 'I', 'I', '2015-02-27', '2016-02-22', 0, 'A', '2016-08-02 15:00:00'),
	(890900841, 'M', 'I', '2015-02-28', '2016-02-23', 0, 'A', '2016-08-02 15:00:00'),
	(890903937, 'F', 'I', '2015-03-01', '2016-02-24', 0, 'A', '2016-08-02 15:00:00'),
	(890903938, 'I', 'I', '2015-03-02', '2016-02-25', 0, 'A', '2016-08-02 15:00:00'),
	(891180008, 'M', 'A', '2015-03-03', '2016-02-26', 0, 'A', '2016-08-02 15:00:00'),
	(891200337, 'F', 'A', '2015-03-04', '2016-02-27', 0, 'A', '2016-08-02 15:00:00'),
	(892000146, 'I', 'A', '2015-03-05', '2016-02-28', 0, 'A', '2016-08-02 15:00:00'),
	(899999034, 'M', 'A', '2015-03-06', '2016-02-29', 0, 'A', '2016-08-02 15:00:00'),
	(899999239, 'F', 'A', '2015-03-07', '2016-03-01', 0, 'A', '2016-08-02 15:00:00'),
	(899999284, 'I', 'A', '2015-03-08', '2016-03-02', 0, 'A', '2016-08-02 15:00:00'),
	(900047282, 'M', 'A', '2015-03-09', '2016-03-03', 0, 'A', '2016-08-02 15:00:00'),
	(900074992, 'F', 'A', '2015-03-10', '2016-03-04', 0, 'A', '2016-08-02 15:00:00'),
	(900156264, 'I', 'A', '2015-03-11', '2016-03-05', 0, 'A', '2016-08-02 15:00:00'),
	(987654321, 'M', 'A', '2015-03-12', '2016-03-06', 0, 'A', '2016-08-02 15:00:00');
/*!40000 ALTER TABLE `bi_datosproveedor` ENABLE KEYS */;


-- Volcando estructura para tabla sipre.bi_datosterceros
CREATE TABLE IF NOT EXISTS `bi_datosterceros` (
  `codTerc` int(11) NOT NULL COMMENT 'Codigo Tercero',
  `tipTerc` char(1) NOT NULL COMMENT 'Tipo de Tercero \n-P Proveedor \n-E Empleado \n-B Beneficiario ',
  `tipIdent` char(2) NOT NULL COMMENT 'Tipo de Identificacion:\n1. C cedula de ciudadania\n2. E Cedula de Extranjeria\n3. T Tarjeta de Identidad\n5. N Nit \n6. R Rut\n7. RC Registro civil',
  `priNombre` varchar(20) NOT NULL COMMENT 'Primer Nombre',
  `segNombre` varchar(20) DEFAULT NULL COMMENT 'Segundo Nombre',
  `priApellido` varchar(20) NOT NULL COMMENT 'Primer Apellido',
  `segApellido` varchar(20) DEFAULT NULL COMMENT 'Segundo Apellido',
  `codMunicipio` int(11) NOT NULL COMMENT 'Codigo Municipio',
  `dirResidencia` varchar(15) NOT NULL COMMENT 'Direccion residencia',
  `telResidencia` int(11) NOT NULL COMMENT 'Telefono Residencia',
  `corElectronico` varchar(45) NOT NULL COMMENT 'Correo Electronico',
  `actUsuario` int(15) NOT NULL COMMENT 'Actividad Usuario',
  `actEsta` char(1) NOT NULL COMMENT 'Actividad Estado',
  `actHora` timestamp NOT NULL DEFAULT CURRENT_TIMESTAMP COMMENT 'Actividad Hora',
  PRIMARY KEY (`codTerc`),
  UNIQUE KEY `codTerc_UNIQUE` (`codTerc`),
  KEY `FKMUNITERC` (`codMunicipio`),
  CONSTRAINT `FKMUNITERC` FOREIGN KEY (`codMunicipio`) REFERENCES `gn_municipio` (`codMunicipio`)
) ENGINE=InnoDB DEFAULT CHARSET=utf8 COMMENT='Datos Terceros';

-- Volcando datos para la tabla sipre.bi_datosterceros: ~288 rows (aproximadamente)
/*!40000 ALTER TABLE `bi_datosterceros` DISABLE KEYS */;
INSERT INTO `bi_datosterceros` (`codTerc`, `tipTerc`, `tipIdent`, `priNombre`, `segNombre`, `priApellido`, `segApellido`, `codMunicipio`, `dirResidencia`, `telResidencia`, `corElectronico`, `actUsuario`, `actEsta`, `actHora`) VALUES
	(3162669, 'E', 'C', 'HENRY', '                    ', 'AYALA', ' AYALA              ', 1, 'CR 116 77B 42 C', 2285427, 'HENRYAYALA AYALA@EJEMPLO.COM', 0, 'A', '2016-08-02 22:32:23'),
	(7713170, 'E', 'C', 'YEISON', ' URIAS              ', 'VILLARREAL', ' PEREZ              ', 1, 'CL 7 SUR 13 40 ', 7123353, 'YEISON URIASVILLARREAL PEREZ@EJEMPLO.COM', 0, 'A', '2016-08-02 22:32:23'),
	(9525543, 'E', 'C', 'LAUREANO', '                    ', 'NUÑEZ', ' CALA               ', 1, 'DG 77 B 116 51 ', 5900580, 'LAUREANONUÑEZ CALA@EJEMPLO.COM', 0, 'A', '2016-08-02 22:32:23'),
	(11511150, 'E', 'C', 'JULIAN', ' FERNANDO           ', 'TOBON', ' CAJAS              ', 1, 'CR 8 40 15 AP 6', 6090165, 'JULIAN FERNANDOTOBON CAJAS@EJEMPLO.COM', 0, 'A', '2016-08-02 22:32:23'),
	(13246034, 'E', 'C', 'CRISTO', ' HUMBERTO           ', 'GOMEZ', ' NAVARRO            ', 2, 'CL 23N 3 96    ', 5879965, 'CRISTO HUMBERTOGOMEZ NAVARRO@EJEMPLO.COM', 0, 'A', '2016-08-02 22:32:23'),
	(13275270, 'E', 'C', 'FRANKIN', ' EDUARDO            ', 'GAMBOA', ' APONTE             ', 2, 'CL L 10 BN 2 35', 5950946, 'FRANKIN EDUARDOGAMBOA APONTE@EJEMPLO.COM', 0, 'A', '2016-08-02 22:32:23'),
	(13570962, 'E', 'C', 'NESTOR', ' LEONEL             ', 'BALLESTEROS', ' LEAL               ', 2, 'CL 46 30 16B', 5900580, 'NESTOR LEONELBALLESTEROS LEAL@EJEMPLO.COM', 0, 'A', '2016-08-02 22:32:23'),
	(13749758, 'E', 'C', 'HERNAN', ' DARIO              ', 'PORRAS', ' PIMIENTA           ', 2, 'CL 57 24 84    ', 5900580, 'HERNAN DARIOPORRAS PIMIENTA@EJEMPLO.COM', 0, 'A', '2016-08-02 22:32:23'),
	(13850071, 'E', 'C', 'ALIRIO', '                    ', 'RIVERO', ' MEJIA              ', 2, 'CR 24 58 51    ', 6228164, 'ALIRIORIVERO MEJIA@EJEMPLO.COM', 0, 'A', '2016-08-02 22:32:23'),
	(13887667, 'E', 'C', 'ALVARO', ' DE JESUS           ', 'MORALES', ' ARTEAGA            ', 3, 'CL 83 BIS 24 42', 5334819, 'ALVARO DE JESUSMORALES ARTEAGA@EJEMPLO.COM', 0, 'A', '2016-08-02 22:32:23'),
	(13888309, 'E', 'C', 'ROBERTO', ' EXPEDITO           ', 'VALENCIA', ' GOMEZ              ', 3, 'CL 49 19 40 PIS', 6110153, 'ROBERTO EXPEDITOVALENCIA GOMEZ@EJEMPLO.COM', 0, 'A', '2016-08-02 22:32:23'),
	(16257476, 'E', 'C', 'RAMIRO', '                    ', 'DURAN', ' CAICEDO            ', 3, 'CL 74  32 31   ', 6025063, 'RAMIRODURAN CAICEDO@EJEMPLO.COM', 0, 'A', '2016-08-02 22:32:23'),
	(19195436, 'E', 'C', 'LUIS', ' ANTONIO            ', 'CORTES', ' UMAÑA              ', 3, 'CR 7 45 48 AP 1', 2324324, 'LUIS ANTONIOCORTES UMAÑA@EJEMPLO.COM', 0, 'A', '2016-08-02 22:32:23'),
	(21182195, 'E', 'C', 'LILIANA', '                    ', 'AGUIRRE', ' VALLEJO            ', 4, 'C R A 19 D 19 3', 5900580, 'LILIANAAGUIRRE VALLEJO@EJEMPLO.COM', 0, 'A', '2016-08-02 22:32:23'),
	(22447043, 'E', 'C', 'LUBBY', ' ISABEL             ', 'AGUILAR', ' TOVAR              ', 4, 'CL 58 19 12 AP ', 76006524, 'LUBBY ISABELAGUILAR TOVAR@EJEMPLO.COM', 0, 'A', '2016-08-02 22:32:23'),
	(22491851, 'E', 'C', 'NATALIA', '                    ', 'GONZALEZ', ' RUBIO SALAZAR      ', 4, 'CL 127 C  2 B 8', 5900580, 'NATALIAGONZALEZ RUBIO SALAZAR@EJEMPLO.COM', 0, 'A', '2016-08-02 22:32:23'),
	(28268671, 'E', 'C', 'YANETH', '                    ', 'CASTELLANOS', ' VARGAS             ', 4, 'CR 14A 148 39 C', 6146055, 'YANETHCASTELLANOS VARGAS@EJEMPLO.COM', 0, 'A', '2016-08-02 22:32:23'),
	(28484102, 'E', 'C', 'ROCIO', ' DEL PILAR          ', 'FLOREZ', ' ANZOLA             ', 5, 'CL 52 16 48    ', 5900580, 'ROCIO DEL PILARFLOREZ ANZOLA@EJEMPLO.COM', 0, 'A', '2016-08-02 22:32:23'),
	(30388309, 'E', 'C', 'ANA', ' BEATRIZ            ', 'OCAMPO', '                    ', 5, '0', 0, 'ANA BEATRIZOCAMPO@EJEMPLO.COM', 0, 'A', '2016-08-02 22:32:23'),
	(30766858, 'E', 'C', 'OLGA', ' CECILIA            ', 'PAJARO', ' HERRERA            ', 5, 'TV 71C  31I 36 ', 6534822, 'OLGA CECILIAPAJARO HERRERA@EJEMPLO.COM', 0, 'A', '2016-08-02 22:32:23'),
	(32862708, 'E', 'C', 'MILENYS', ' JUDITH             ', 'CASTAÑEDA', ' URZOLA             ', 5, 'CL 146 22 256 P', 5900580, 'MILENYS JUDITHCASTAÑEDA URZOLA@EJEMPLO.COM', 0, 'A', '2016-08-02 22:32:23'),
	(33379082, 'E', 'C', 'JESSICA', ' NATHALIE           ', 'VANEGAS', ' ACERO              ', 6, 'C A L L E  83  ', 4401624, 'JESSICA NATHALIEVANEGAS ACERO@EJEMPLO.COM', 0, 'A', '2016-08-02 22:32:23'),
	(35537800, 'E', 'C', 'MARIA', ' ALEJANDRA          ', 'GARZON', ' PINEDA             ', 6, 'CL 2E 1A 24 SUR', 8427203, 'MARIA ALEJANDRAGARZON PINEDA@EJEMPLO.COM', 0, 'A', '2016-08-02 22:32:23'),
	(36378724, 'E', 'C', 'YANETH', '                    ', 'VARGAS', ' ANGEL              ', 6, '0', 0, 'YANETHVARGAS ANGEL@EJEMPLO.COM', 0, 'A', '2016-08-02 22:32:23'),
	(37176748, 'E', 'C', 'YOLANDA', '                    ', 'MENDOZA', ' PEREZ              ', 6, 'CR 84 35 62 AP ', 4117550, 'YOLANDAMENDOZA PEREZ@EJEMPLO.COM', 0, 'A', '2016-08-02 22:32:23'),
	(37271992, 'E', 'C', 'LUZ', ' STELLA             ', 'SUAREZ', ' DIAZ               ', 7, 'CR 7 K 83      ', 5900580, 'LUZ STELLASUAREZ DIAZ@EJEMPLO.COM', 0, 'A', '2016-08-02 22:32:23'),
	(37512098, 'E', 'C', 'LUZ', ' ELENA              ', 'QUINTERO', ' SUAREZ             ', 7, 'CR 42 7ASUR 92 ', 3527885, 'LUZ ELENAQUINTERO SUAREZ@EJEMPLO.COM', 0, 'A', '2016-08-02 22:32:23'),
	(37549209, 'E', 'C', 'SANDRA', ' LUCIA              ', 'BAHAMON', ' ALVARADO           ', 7, 'CL 72B 36 39   ', 6022204, 'SANDRA LUCIABAHAMON ALVARADO@EJEMPLO.COM', 0, 'A', '2016-08-02 22:32:23'),
	(37578737, 'E', 'C', 'MILENA', '                    ', 'RODRIGUEZ', ' SUAREZ             ', 7, 'CL 38 61 32 B  ', 6028017, 'MILENARODRIGUEZ SUAREZ@EJEMPLO.COM', 0, 'A', '2016-08-02 22:32:23'),
	(37618882, 'E', 'C', 'FANNY', '                    ', 'MARIN', ' URREA              ', 8, 'CR 90 6D 80 CA ', 8036416, 'FANNYMARIN URREA@EJEMPLO.COM', 0, 'A', '2016-08-02 22:32:23'),
	(37745608, 'E', 'C', 'TATIANA', ' MARCELA            ', 'CORTES', ' MARTINEZ           ', 8, 'AUT 144 114 CON', 5900580, 'TATIANA MARCELACORTES MARTINEZ@EJEMPLO.COM', 0, 'A', '2016-08-02 22:32:23'),
	(37752015, 'E', 'C', 'ELIZABETH', '                    ', 'BAUTISTA', ' HERNANDEZ          ', 8, 'CL 58A 12 68   ', 6815486, 'ELIZABETHBAUTISTA HERNANDEZ@EJEMPLO.COM', 0, 'A', '2016-08-02 22:32:23'),
	(37863808, 'E', 'C', 'ADRIANA', ' MARIA              ', 'HERNANDEZ', ' HERNANDEZ          ', 8, 'CL 56A 55A 05  ', 5900580, 'ADRIANA MARIAHERNANDEZ HERNANDEZ@EJEMPLO.COM', 0, 'A', '2016-08-02 22:32:23'),
	(37892554, 'E', 'C', 'LUZ', ' AMPARO             ', 'ROJAS', ' RODRIGUEZ          ', 9, 'CL 99A  71A 55 ', 6631693, 'LUZ AMPAROROJAS RODRIGUEZ@EJEMPLO.COM', 0, 'A', '2016-08-02 22:32:23'),
	(37922676, 'E', 'C', 'VILMA', '                    ', 'CAMPO', ' ALVAREZ            ', 9, 'CL 60 21 56    ', 6204031, 'VILMACAMPO ALVAREZ@EJEMPLO.COM', 0, 'A', '2016-08-02 22:32:23'),
	(37924787, 'E', 'C', 'MARITZA', '                    ', 'CASTRO', ' OSPINO             ', 9, 'CR 24  58 27   ', 376203909, 'MARITZACASTRO OSPINO@EJEMPLO.COM', 0, 'A', '2016-08-02 22:32:23'),
	(37925665, 'E', 'C', 'LIA', '                    ', 'JARAMILLO', ' PORTILLO           ', 9, 'CR 24 73 15    ', 5900580, 'LIAJARAMILLO PORTILLO@EJEMPLO.COM', 0, 'A', '2016-08-02 22:32:23'),
	(37926843, 'E', 'C', 'EDITH', '                    ', 'MONT', ' AMELL              ', 10, 'CL 61    17 05 ', 5900580, 'EDITHMONT AMELL@EJEMPLO.COM', 0, 'A', '2016-08-02 22:32:23'),
	(37927881, 'E', 'C', 'BERTHA', ' EUGENIA            ', 'RAMOS', ' COLMENARES         ', 10, 'TV ORIENTAL 94 ', 6997086, 'BERTHA EUGENIARAMOS COLMENARES@EJEMPLO.COM', 0, 'A', '2016-08-02 22:32:23'),
	(37931129, 'E', 'C', 'NILDA', ' LUZ                ', 'FLOREZ', ' URRUTIA            ', 10, 'CL 48 27 66    ', 6027074, 'NILDA LUZFLOREZ URRUTIA@EJEMPLO.COM', 0, 'A', '2016-08-02 22:32:23'),
	(37931606, 'E', 'C', 'FRANCIA', ' DONELIA            ', 'RICARDO', ' SANTOS             ', 10, 'CL 66 B 20 84 C', 6228048, 'FRANCIA DONELIARICARDO SANTOS@EJEMPLO.COM', 0, 'A', '2016-08-02 22:32:23'),
	(37933619, 'E', 'C', 'YOLANDA', '                    ', 'ALQUICHIRE', ' PLATA              ', 11, 'CL 46 26 52    ', 5900580, 'YOLANDAALQUICHIRE PLATA@EJEMPLO.COM', 0, 'A', '2016-08-02 22:32:23'),
	(37936908, 'E', 'C', 'DORIS', ' EUGENIA            ', 'ESTEVEZ', ' ARDILA             ', 11, 'CL 65 38 04    ', 6005812, 'DORIS EUGENIAESTEVEZ ARDILA@EJEMPLO.COM', 0, 'A', '2016-08-02 22:32:23'),
	(37939262, 'E', 'C', 'NIDIA', '                    ', 'GOMEZ', ' LOZANO             ', 11, 'CR 20 102 97 AP', 6310633, 'NIDIAGOMEZ LOZANO@EJEMPLO.COM', 0, 'A', '2016-08-02 22:32:23'),
	(37939382, 'E', 'C', 'ROSMERY', '                    ', 'RUEDA', ' CORREA             ', 11, 'CL L 60 A 18 B ', 6228018, 'ROSMERYRUEDA CORREA@EJEMPLO.COM', 0, 'A', '2016-08-02 22:32:23'),
	(37939589, 'E', 'C', 'MARIA', ' VICTORIA           ', 'MUÑOZ', ' AVENDAÑO           ', 12, 'CR 33  71 15   ', 6225388, 'MARIA VICTORIAMUÑOZ AVENDAÑO@EJEMPLO.COM', 0, 'A', '2016-08-02 22:32:23'),
	(38070432, 'E', 'C', 'KATERIN', ' ZORELY             ', 'DIAZ', ' HINCAPIE           ', 12, 'AV CR 68 1A 55 ', 5900580, 'KATERIN ZORELYDIAZ HINCAPIE@EJEMPLO.COM', 0, 'A', '2016-08-02 22:32:23'),
	(39541778, 'E', 'C', 'FLOR', ' ALBA               ', 'SANCHEZ', ' CARVAJAL           ', 12, 'CL 76 A 100 B 7', 8123834, 'FLOR ALBASANCHEZ CARVAJAL@EJEMPLO.COM', 0, 'A', '2016-08-02 22:32:23'),
	(39787609, 'E', 'C', 'LUZ', ' AMPARO             ', 'ORTEGA', ' ARAQUE             ', 12, 'TV 16 F 48 16 S', 2053623, 'LUZ AMPAROORTEGA ARAQUE@EJEMPLO.COM', 0, 'A', '2016-08-02 22:32:23'),
	(39795274, 'E', 'C', 'ROSA', ' HIMELDA            ', 'CAÑON', ' CAÑON              ', 13, 'CR 36 21 24 MUL', 5900580, 'ROSA HIMELDACAÑON CAÑON@EJEMPLO.COM', 0, 'A', '2016-08-02 22:32:23'),
	(40343260, 'E', 'C', 'HEGDA', ' VANESSA            ', 'LUNA', ' HERNANDEZ          ', 13, 'CR 48 127 51   ', 7, 'HEGDA VANESSALUNA HERNANDEZ@EJEMPLO.COM', 0, 'A', '2016-08-02 22:32:23'),
	(41107318, 'E', 'C', 'ELISABET', '                    ', 'CARDONA', ' GONZALES           ', 13, 'CL 1 8 37      ', 5900580, 'ELISABETCARDONA GONZALES@EJEMPLO.COM', 0, 'A', '2016-08-02 22:32:23'),
	(43454420, 'E', 'C', 'CLAUDIA', ' YULIETH            ', 'ROJAS', ' TORO               ', 13, 'C A L L E 51 A ', 0, 'CLAUDIA YULIETHROJAS TORO@EJEMPLO.COM', 0, 'A', '2016-08-02 22:32:23'),
	(45440153, 'E', 'C', 'MARITZA', '                    ', 'MARIN', ' SANDOVAL           ', 14, 'ED NAUTILUS AP ', 95, 'MARITZAMARIN SANDOVAL@EJEMPLO.COM', 0, 'A', '2016-08-02 22:32:23'),
	(45495337, 'E', 'C', 'SANDRA', ' LIZETH             ', 'ESPITIA', ' GONZALEZ           ', 14, 'PIE LA POPA CAM', 6692824, 'SANDRA LIZETHESPITIA GONZALEZ@EJEMPLO.COM', 0, 'A', '2016-08-02 22:32:23'),
	(45593580, 'E', 'C', 'GIOCONDA', ' MARGARITA          ', 'PIÑA', ' ELLES              ', 14, 'CL 120    16 70', 2366824, 'GIOCONDA MARGARITAPIÑA ELLES@EJEMPLO.COM', 0, 'A', '2016-08-02 22:32:23'),
	(45758730, 'E', 'C', 'LUZ', ' MARLENE            ', 'ALZATE', ' RODRÍGUEZ          ', 14, 'CL 24    82A 14', 6570086, 'LUZ MARLENEALZATE RODRÍGUEZ@EJEMPLO.COM', 0, 'A', '2016-08-02 22:32:23'),
	(51577957, 'E', 'C', 'LUZ', ' MERY               ', 'MORENO', ' TURGA              ', 15, 'CL 149 54 16 TO', 4735654, 'LUZ MERYMORENO TURGA@EJEMPLO.COM', 0, 'A', '2016-08-02 22:32:23'),
	(51635023, 'E', 'C', 'SONIA', ' MARINA             ', 'JARAMILLO', ' CABALLERO          ', 15, 'CR 57 53 50 IN ', 5900580, 'SONIA MARINAJARAMILLO CABALLERO@EJEMPLO.COM', 0, 'A', '2016-08-02 22:32:23'),
	(51720586, 'E', 'C', 'LUCERO', '                    ', 'MOSQUERA', ' MARIN              ', 15, 'CL 55 SUR 24 C ', 8021919, 'LUCEROMOSQUERA MARIN@EJEMPLO.COM', 0, 'A', '2016-08-02 22:32:23'),
	(51826349, 'E', 'C', 'SONIA', ' MERCEDES           ', 'MARIN', ' GONZALEZ           ', 15, 'KR 17 173 52 TO', 3880064, 'SONIA MERCEDESMARIN GONZALEZ@EJEMPLO.COM', 0, 'A', '2016-08-02 22:32:23'),
	(51839922, 'E', 'C', 'RUBI', ' ISABEL             ', 'GONZALEZ', ' MARIN              ', 16, 'CL 2F    38B 40', 5605487, 'RUBI ISABELGONZALEZ MARIN@EJEMPLO.COM', 0, 'A', '2016-08-02 22:32:23'),
	(51974965, 'E', 'C', 'CLAUDIA', ' PATRICIA           ', 'GRANADOS', ' KOPP               ', 16, 'CL 169    58 46', 4875290, 'CLAUDIA PATRICIAGRANADOS KOPP@EJEMPLO.COM', 0, 'A', '2016-08-02 22:32:23'),
	(51984513, 'E', 'C', 'SANDRA', ' JANETTE            ', 'PIEDRAHITA', ' URUENA             ', 16, 'CL 64 A  57 23 ', 6966711, 'SANDRA JANETTEPIEDRAHITA URUENA@EJEMPLO.COM', 0, 'A', '2016-08-02 22:32:23'),
	(51986661, 'E', 'C', 'SANDRA', ' PATRICIA           ', 'BOLIVAR', ' RODRIGUEZ          ', 16, 'CL 28 78 B 30 T', 4162238, 'SANDRA PATRICIABOLIVAR RODRIGUEZ@EJEMPLO.COM', 0, 'A', '2016-08-02 22:32:23'),
	(52047977, 'E', 'C', 'VIANETH', '                    ', 'LIZARAZO', ' ESTUPIÑAN          ', 17, 'CL 74 94 20    ', 4368126, 'VIANETHLIZARAZO ESTUPIÑAN@EJEMPLO.COM', 0, 'A', '2016-08-02 22:32:23'),
	(52068354, 'E', 'C', 'ANGELICA', ' MARIA              ', 'LAGOS', ' PINZON             ', 17, 'CL 127 BIS 88 0', 7039790, 'ANGELICA MARIALAGOS PINZON@EJEMPLO.COM', 0, 'A', '2016-08-02 22:32:23'),
	(52104025, 'E', 'C', 'RUBY', '                    ', 'FRANCO', ' RODRIGUEZ          ', 17, 'CL 152 54 75 CA', 8057995, 'RUBYFRANCO RODRIGUEZ@EJEMPLO.COM', 0, 'A', '2016-08-02 22:32:23'),
	(52120349, 'E', 'C', 'DORA', ' LILIANA            ', 'CASTIBLANCO', ' LOZANO             ', 17, '0', 0, 'DORA LILIANACASTIBLANCO LOZANO@EJEMPLO.COM', 0, 'A', '2016-08-02 22:32:23'),
	(52125917, 'E', 'C', 'SANDRA', ' JACKELINNE         ', 'GARCIA', ' VESGA              ', 18, 'CR 65 64 A 76 S', 7532252, 'SANDRA JACKELINNEGARCIA VESGA@EJEMPLO.COM', 0, 'A', '2016-08-02 22:32:23'),
	(52130407, 'E', 'C', 'YOVILENY', '                    ', 'MONTENEGRO', ' SOLANO             ', 18, 'CL 11 A 79 A 28', 4025121, 'YOVILENYMONTENEGRO SOLANO@EJEMPLO.COM', 0, 'A', '2016-08-02 22:32:23'),
	(52178847, 'E', 'C', 'MONICA', '                    ', 'BONZA', ' SUAREZ             ', 18, 'CL 22 D 86 21 A', 4590073, 'MONICABONZA SUAREZ@EJEMPLO.COM', 0, 'A', '2016-08-02 22:32:23'),
	(52216630, 'E', 'C', 'PAOLA', ' LISBET             ', 'AMARIS', ' ARRIETA            ', 18, 'CR 30 47 47    ', 6030824, 'PAOLA LISBETAMARIS ARRIETA@EJEMPLO.COM', 0, 'A', '2016-08-02 22:32:23'),
	(52219588, 'E', 'C', 'JUDITH', ' LUCRECIA           ', 'SUAREZ', ' SEGURA             ', 19, 'CL 16 6 35 ESTE', 5900580, 'JUDITH LUCRECIASUAREZ SEGURA@EJEMPLO.COM', 0, 'A', '2016-08-02 22:32:23'),
	(52220927, 'E', 'C', 'EDNA', ' MARGARITA          ', 'CARDONA', ' GONZALEZ           ', 19, 'CR 50 16 93 SUR', 2029148, 'EDNA MARGARITACARDONA GONZALEZ@EJEMPLO.COM', 0, 'A', '2016-08-02 22:32:23'),
	(52279904, 'E', 'C', 'FRANCELIS', ' INGRID             ', 'SUAREZ', ' SARMIENTO          ', 19, 'CL 2 SUR 7 46  ', 4758879, 'FRANCELIS INGRIDSUAREZ SARMIENTO@EJEMPLO.COM', 0, 'A', '2016-08-02 22:32:23'),
	(52300251, 'E', 'C', 'DORIS', '                    ', 'MONTAÑA', ' RODRIGUEZ          ', 19, 'CR 73 40 31 SUR', 4546388, 'DORISMONTAÑA RODRIGUEZ@EJEMPLO.COM', 0, 'A', '2016-08-02 22:32:23'),
	(52363417, 'E', 'C', 'LINA', ' MARIA              ', 'LOSADA', ' ORTIZ              ', 20, 'TV 56 104A 10  ', 5900580, 'LINA MARIALOSADA ORTIZ@EJEMPLO.COM', 0, 'A', '2016-08-02 22:32:23'),
	(52394922, 'E', 'C', 'SANDRA', ' MILENA             ', 'GARCIA', ' MORA               ', 20, 'CR 58 B 130 61 ', 5223458, 'SANDRA MILENAGARCIA MORA@EJEMPLO.COM', 0, 'A', '2016-08-02 22:32:23'),
	(52417009, 'E', 'C', 'ANTONIA', ' ELENA              ', 'GALLARDO', ' AREVALO            ', 20, 'ZN VERDE ALFAGU', 5900580, 'ANTONIA ELENAGALLARDO AREVALO@EJEMPLO.COM', 0, 'A', '2016-08-02 22:32:23'),
	(52460130, 'E', 'C', 'SANDRA', ' MILENA             ', 'PATIÑO', ' BAQUERO            ', 20, 'CL 38 24 74 URB', 5900580, 'SANDRA MILENAPATIÑO BAQUERO@EJEMPLO.COM', 0, 'A', '2016-08-02 22:32:23'),
	(52489985, 'E', 'C', 'EDNA', ' CAROLINA           ', 'LOPEZ', ' VASQUEZ            ', 21, 'CL 86 A 112 G 2', 5900580, 'EDNA CAROLINALOPEZ VASQUEZ@EJEMPLO.COM', 0, 'A', '2016-08-02 22:32:23'),
	(52514037, 'E', 'C', 'HEYDY', ' MARISOL            ', 'DIAZ', ' BELLO              ', 21, 'CL 3 SUR 69A 91', 2, 'HEYDY MARISOLDIAZ BELLO@EJEMPLO.COM', 0, 'A', '2016-08-02 22:32:23'),
	(52757161, 'E', 'C', 'ARGENIS', '                    ', 'HUERTAS', ' MONTES             ', 21, 'CL 34    2 78  ', 9019512, 'ARGENISHUERTAS MONTES@EJEMPLO.COM', 0, 'A', '2016-08-02 22:32:23'),
	(52795700, 'E', 'C', 'MONICA', ' JULIETH            ', 'MOLANO', ' GONZALEZ           ', 21, 'CL 167 58 B 20 ', 4796310, 'MONICA JULIETHMOLANO GONZALEZ@EJEMPLO.COM', 0, 'A', '2016-08-02 22:32:23'),
	(52799604, 'E', 'C', 'CAROLINA', '                    ', 'PRIETO', ' GARCIA             ', 22, 'CR 120 B 148 40', 8066273, 'CAROLINAPRIETO GARCIA@EJEMPLO.COM', 0, 'A', '2016-08-02 22:32:23'),
	(52800597, 'E', 'C', 'MARIA', ' FERNANDA           ', 'MORENO', ' PEÑA               ', 22, 'CR 92 80B 17   ', 2239408, 'MARIA FERNANDAMORENO PEÑA@EJEMPLO.COM', 0, 'A', '2016-08-02 22:32:23'),
	(52816026, 'E', 'C', 'YULLY', ' ZULEY              ', 'ALBARRACIN', ' QUINTERO           ', 22, 'CR 54D 134 21 A', 5900580, 'YULLY ZULEYALBARRACIN QUINTERO@EJEMPLO.COM', 0, 'A', '2016-08-02 22:32:23'),
	(52857106, 'E', 'C', 'JULIA', ' JANNETH            ', 'HERRERA', ' RAMIREZ            ', 22, 'CR 36A 54A 27 S', 8020859, 'JULIA JANNETHHERRERA RAMIREZ@EJEMPLO.COM', 0, 'A', '2016-08-02 22:32:23'),
	(52917611, 'E', 'C', 'YULY', ' PAOLA              ', 'CASTILLO', ' PAREDES            ', 23, 'CR 7C 146 45 AP', 5900580, 'YULY PAOLACASTILLO PAREDES@EJEMPLO.COM', 0, 'A', '2016-08-02 22:32:23'),
	(52950230, 'E', 'C', 'LIDA', ' ISABEL             ', 'BORBON', ' PRIETO             ', 23, 'CARRERA 17 F # ', 7908956, 'LIDA ISABELBORBON PRIETO@EJEMPLO.COM', 0, 'A', '2016-08-02 22:32:23'),
	(53003318, 'E', 'C', 'ANGELA', ' MARCELA            ', 'VIRGUEZ', ' CARRILLO           ', 23, 'CL 159  56 75 I', 4680479, 'ANGELA MARCELAVIRGUEZ CARRILLO@EJEMPLO.COM', 0, 'A', '2016-08-02 22:32:23'),
	(53032953, 'E', 'C', 'JOHANNA', '                    ', 'AHUMADA', ' GUZMAN             ', 23, 'CR 99 B 16 B 67', 4188750, 'JOHANNAAHUMADA GUZMAN@EJEMPLO.COM', 0, 'A', '2016-08-02 22:32:23'),
	(53095235, 'E', 'C', 'JHOJANA', '                    ', 'ALVARINO', ' GARZON             ', 24, 'TV 70G 63 52   ', 8011865, 'JHOJANAALVARINO GARZON@EJEMPLO.COM', 0, 'A', '2016-08-02 22:32:23'),
	(53101729, 'E', 'C', 'LADY', ' JOHANNA            ', 'SIERRA', ' LOPEZ              ', 24, 'AV CL 153 115 4', 6625012, 'LADY JOHANNASIERRA LOPEZ@EJEMPLO.COM', 0, 'A', '2016-08-02 22:32:23'),
	(53140295, 'E', 'C', 'SANDY', '                    ', 'AGUILERA', ' HURTADO            ', 24, 'CL 48 M SUR 5 A', 7608205, 'SANDYAGUILERA HURTADO@EJEMPLO.COM', 0, 'A', '2016-08-02 22:32:23'),
	(53153548, 'E', 'C', 'JOHANA', '                    ', 'RAMIREZ', ' VELASQUEZ          ', 24, 'CL 68 13 22    ', 3654662, 'JOHANARAMIREZ VELASQUEZ@EJEMPLO.COM', 0, 'A', '2016-08-02 22:32:23'),
	(53910933, 'E', 'C', 'LAURA', ' MILENA             ', 'GOMEZ', ' ACHURY             ', 25, 'CR 114 80 51   ', 8125949, 'LAURA MILENAGOMEZ ACHURY@EJEMPLO.COM', 0, 'A', '2016-08-02 22:32:23'),
	(55165731, 'E', 'C', 'CARMENZA', '                    ', 'HERRERA', ' PERALTA            ', 25, 'CL 19 46 45 CA ', 8623403, 'CARMENZAHERRERA PERALTA@EJEMPLO.COM', 0, 'A', '2016-08-02 22:32:23'),
	(55169600, 'E', 'C', 'LINA', ' MARCELA            ', 'URIBE', ' GONZALEZ           ', 25, '128B    72 59  ', 33282830, 'LINA MARCELAURIBE GONZALEZ@EJEMPLO.COM', 0, 'A', '2016-08-02 22:32:23'),
	(56085611, 'E', 'C', 'OLINDA', '                    ', 'IGUARAN', ' CORONADO           ', 25, 'CR 49 A 15 40 A', 5900580, 'OLINDAIGUARAN CORONADO@EJEMPLO.COM', 0, 'A', '2016-08-02 22:32:23'),
	(60435050, 'E', 'C', 'DALIAS', '                    ', 'CASTIYEJO', ' PARADA             ', 26, 'CL 13 7 65 B TE', 5900580, 'DALIASCASTIYEJO PARADA@EJEMPLO.COM', 0, 'A', '2016-08-02 22:32:23'),
	(63318334, 'E', 'C', 'NHORA', ' PATRICIA           ', 'RUIZ', ' DIAZ               ', 26, 'CR 49    65 28 ', 6907635, 'NHORA PATRICIARUIZ DIAZ@EJEMPLO.COM', 0, 'A', '2016-08-02 22:32:23'),
	(63346069, 'E', 'C', 'ALBA', ' LUCIA              ', 'GARCIA', ' GUERRA             ', 26, 'CL 15N 16 B E 2', 5753788, 'ALBA LUCIAGARCIA GUERRA@EJEMPLO.COM', 0, 'A', '2016-08-02 22:32:23'),
	(63349300, 'E', 'C', 'GLADYS', ' SOFIA              ', 'CASTRO', ' DUARTE             ', 26, 'CR 18 A 55 42  ', 6228156, 'GLADYS SOFIACASTRO DUARTE@EJEMPLO.COM', 0, 'A', '2016-08-02 22:32:23'),
	(63358148, 'E', 'C', 'MARTHA', ' YANETH             ', 'HERNANDEZ', ' MENDOZA            ', 27, 'CD REAL MINAS A', 6443728, 'MARTHA YANETHHERNANDEZ MENDOZA@EJEMPLO.COM', 0, 'A', '2016-08-02 22:32:23'),
	(63431778, 'E', 'C', 'ANGELA', '                    ', 'GUARGUATI', ' CASTILLO           ', 27, '197    15 425  ', 6190231, 'ANGELAGUARGUATI CASTILLO@EJEMPLO.COM', 0, 'A', '2016-08-02 22:32:23'),
	(63457162, 'E', 'C', 'MARIA', ' EUGENIA            ', 'MARTINEZ', ' ROJAS              ', 27, 'CR 24 A 45 59 B', 6031991, 'MARIA EUGENIAMARTINEZ ROJAS@EJEMPLO.COM', 0, 'A', '2016-08-02 22:32:23'),
	(63459969, 'E', 'C', 'BERTHA', '                    ', 'GONZALEZ', ' BARROS             ', 27, 'CR 19  56 09   ', 6027408, 'BERTHAGONZALEZ BARROS@EJEMPLO.COM', 0, 'A', '2016-08-02 22:32:23'),
	(63460585, 'E', 'C', 'GLENDA', '                    ', 'QUIROGA', ' GARCES             ', 28, 'CL 52 B 23 28  ', 6226032, 'GLENDAQUIROGA GARCES@EJEMPLO.COM', 0, 'A', '2016-08-02 22:32:23'),
	(63463645, 'E', 'C', 'SANDRA', ' PATRICIA           ', 'HERNANDEZ', ' VESGA              ', 28, 'CL 35 33 02    ', 6002263, 'SANDRA PATRICIAHERNANDEZ VESGA@EJEMPLO.COM', 0, 'A', '2016-08-02 22:32:23'),
	(63467998, 'E', 'C', 'MONICA', '                    ', 'MENE', ' GUEVARA            ', 28, 'CL 50 B N 41 D ', 0, 'MONICAMENE GUEVARA@EJEMPLO.COM', 0, 'A', '2016-08-02 22:32:23'),
	(63470374, 'E', 'C', 'OSIRIS', ' MARIA              ', 'MENCO', ' SIERRA             ', 28, 'CL 54 35 20/24 ', 5900580, 'OSIRIS MARIAMENCO SIERRA@EJEMPLO.COM', 0, 'A', '2016-08-02 22:32:23'),
	(63471497, 'E', 'C', 'PAOLA', ' ALEXANDRA          ', 'TABORDA', ' VILORIA            ', 29, 'CL 49 31 76    ', 6027294, 'PAOLA ALEXANDRATABORDA VILORIA@EJEMPLO.COM', 0, 'A', '2016-08-02 22:32:23'),
	(63473080, 'E', 'C', 'DEYANIRA', '                    ', 'TRECO', ' SANABRIA           ', 29, 'CL 46 28 69 AP ', 5900580, 'DEYANIRATRECO SANABRIA@EJEMPLO.COM', 0, 'A', '2016-08-02 22:32:23'),
	(63483540, 'E', 'C', 'ELIANA', '                    ', 'URIBE', ' CASTRO             ', 29, 'CL 66 45 17    ', 5900580, 'ELIANAURIBE CASTRO@EJEMPLO.COM', 0, 'A', '2016-08-02 22:32:23'),
	(63497056, 'E', 'C', 'ADRIANA', ' ISABEL             ', 'ARTEAGA', ' NAVARRO            ', 29, 'CR 24 NRO 54 24', 6116864, 'ADRIANA ISABELARTEAGA NAVARRO@EJEMPLO.COM', 0, 'A', '2016-08-02 22:32:23'),
	(63523799, 'E', 'C', 'NANCY', ' ELVIRA             ', 'GAMBOA', ' GARCIA             ', 30, 'CR 3 55 100    ', 5900580, 'NANCY ELVIRAGAMBOA GARCIA@EJEMPLO.COM', 0, 'A', '2016-08-02 22:32:23'),
	(63539100, 'E', 'C', 'YUDY', ' ISOLINA            ', 'AVILA', ' ROJAS              ', 30, 'CL 54 1W 31    ', 6442575, 'YUDY ISOLINAAVILA ROJAS@EJEMPLO.COM', 0, 'A', '2016-08-02 22:32:23'),
	(64577082, 'E', 'C', 'GLORIA', ' VICTORIA           ', 'ROJAS', ' GARRIDO            ', 30, 'CL 48 22 61 CA ', 6203909, 'GLORIA VICTORIAROJAS GARRIDO@EJEMPLO.COM', 0, 'A', '2016-08-02 22:32:23'),
	(65792229, 'E', 'C', 'JACQUELINE', '                    ', 'SANCHEZ', ' ARANGO             ', 30, 'CL 44 D 45 45 A', 3322830, 'JACQUELINESANCHEZ ARANGO@EJEMPLO.COM', 0, 'A', '2016-08-02 22:32:23'),
	(73190671, 'E', 'C', 'JONATAN', ' AMADO              ', 'CAMPO', ' CASTILLO           ', 31, 'URB VILLA DEL S', 5900580, 'JONATAN AMADOCAMPO CASTILLO@EJEMPLO.COM', 0, 'A', '2016-08-02 22:32:23'),
	(73243185, 'E', 'C', 'MARTIN', ' ARMANDO            ', 'NAVARRO', ' RADA               ', 31, 'DG 22 49 14 AP ', 5900580, 'MARTIN ARMANDONAVARRO RADA@EJEMPLO.COM', 0, 'A', '2016-08-02 22:32:23'),
	(73376009, 'E', 'C', 'JAVIER', ' ALFONSO            ', 'TORRES', ' BUELVAS            ', 31, 'TV 73 31G 06   ', 5900580, 'JAVIER ALFONSOTORRES BUELVAS@EJEMPLO.COM', 0, 'A', '2016-08-02 22:32:23'),
	(79245645, 'E', 'C', 'CESAR', ' AUGUSTO            ', 'LOPEZ', ' MOLINA             ', 31, '118    83A 91  ', 8003140, 'CESAR AUGUSTOLOPEZ MOLINA@EJEMPLO.COM', 0, 'A', '2016-08-02 22:32:23'),
	(79252278, 'E', 'C', 'JOSE', ' WILLIAM            ', 'PEÑA', ' CAICEDO            ', 32, 'CR 11 144 45 AP', 2712117, 'JOSE WILLIAMPEÑA CAICEDO@EJEMPLO.COM', 0, 'A', '2016-08-02 22:32:23'),
	(79370413, 'E', 'C', 'LUIS', ' ALEJANDRO          ', 'PINZON', ' GANTIVA            ', 32, 'CL 6B 80B 85 AP', 5900580, 'LUIS ALEJANDROPINZON GANTIVA@EJEMPLO.COM', 0, 'A', '2016-08-02 22:32:23'),
	(79400609, 'E', 'C', 'JOSE', ' MANUEL             ', 'LARA', ' SANDOVAL           ', 32, 'CR 81 B 19 B 80', 4040073, 'JOSE MANUELLARA SANDOVAL@EJEMPLO.COM', 0, 'A', '2016-08-02 22:32:23'),
	(79406307, 'E', 'C', 'CARLOS', ' HERNAN             ', 'ORDUZ', ' HERNANDEZ          ', 32, 'CR 73 2 52     ', 4536061, 'CARLOS HERNANORDUZ HERNANDEZ@EJEMPLO.COM', 0, 'A', '2016-08-02 22:32:23'),
	(79463626, 'E', 'C', 'JUAN', ' CARLOS             ', 'MORA', ' MONTENEGRO         ', 33, 'CR 90 6D 80 CA ', 8036416, 'JUAN CARLOSMORA MONTENEGRO@EJEMPLO.COM', 0, 'A', '2016-08-02 22:32:23'),
	(79467290, 'E', 'C', 'JUAN', ' PABLO              ', 'ISAZA', ' MONTAÑA            ', 33, 'CR 71 D 12 C 60', 4851770, 'JUAN PABLOISAZA MONTAÑA@EJEMPLO.COM', 0, 'A', '2016-08-02 22:32:23'),
	(79474500, 'E', 'C', 'CARLOS', ' JULIO              ', 'ROJAS', ' ROJAS              ', 33, 'CL 37 SUR 77 40', 4698189, 'CARLOS JULIOROJAS ROJAS@EJEMPLO.COM', 0, 'A', '2016-08-02 22:32:23'),
	(79503353, 'E', 'C', 'HARLEGZ', '                    ', 'DIAZ', ' HERNANDEZ          ', 33, 'CL 34 36 43    ', 6027553, 'HARLEGZDIAZ HERNANDEZ@EJEMPLO.COM', 0, 'A', '2016-08-02 22:32:23'),
	(79505504, 'E', 'C', 'ROBERTO', ' GIOVANNI           ', 'LINERO', ' FLOREZ             ', 34, 'CR 87 B 19 A 66', 7024764, 'ROBERTO GIOVANNILINERO FLOREZ@EJEMPLO.COM', 0, 'A', '2016-08-02 22:32:23'),
	(79526451, 'E', 'C', 'YESID', ' ALONSO             ', 'NIETO', ' LOPEZ              ', 34, 'CL 9C    69 19 ', 7488573, 'YESID ALONSONIETO LOPEZ@EJEMPLO.COM', 0, 'A', '2016-08-02 22:32:23'),
	(79622262, 'E', 'C', 'GILBERTO', '                    ', 'REBELLON', ' GONZALEZ           ', 34, 'CL 148  A  56A ', 5900580, 'GILBERTOREBELLON GONZALEZ@EJEMPLO.COM', 0, 'A', '2016-08-02 22:32:23'),
	(79626621, 'E', 'C', 'RICARDO', '                    ', 'UNIGARRO', ' GUTIERREZ          ', 34, 'CR 31A 25A 41  ', 5900580, 'RICARDOUNIGARRO GUTIERREZ@EJEMPLO.COM', 0, 'A', '2016-08-02 22:32:23'),
	(79646350, 'E', 'C', 'ALVARO', ' GIOVANNI           ', 'GUTIERREZ', ' GODOY              ', 35, 'CL 145 7F 89 AP', 4648951, 'ALVARO GIOVANNIGUTIERREZ GODOY@EJEMPLO.COM', 0, 'A', '2016-08-02 22:32:23'),
	(79702885, 'E', 'C', 'ALEXANDER', ' ALBERTO            ', 'RAMOS', ' PINTO              ', 35, 'CR 14 C 157 91 ', 5900580, 'ALEXANDER ALBERTORAMOS PINTO@EJEMPLO.COM', 0, 'A', '2016-08-02 22:32:23'),
	(79872394, 'E', 'C', 'FRANCISCO', ' YESID              ', 'ALVARADO', ' BERNAL             ', 35, 'CL 155 14 80 IN', 6799843, 'FRANCISCO YESIDALVARADO BERNAL@EJEMPLO.COM', 0, 'A', '2016-08-02 22:32:23'),
	(80114936, 'E', 'C', 'JUAN', ' MANUEL             ', 'SARMIENTO', ' MOLANO             ', 35, 'CL 24 12 67 AP ', 2845137, 'JUAN MANUELSARMIENTO MOLANO@EJEMPLO.COM', 0, 'A', '2016-08-02 22:32:23'),
	(80134085, 'E', 'C', 'ANDRES', '                    ', 'ROCHA', ' DONCEL             ', 36, 'CL 152 B 58 C 5', 5900580, 'ANDRESROCHA DONCEL@EJEMPLO.COM', 0, 'A', '2016-08-02 22:32:23'),
	(80171743, 'E', 'C', 'FRANCISCO', ' JAVIER             ', 'QUIÑONES', ' CALONJE            ', 36, 'CL 74 A 100 32 ', 7599203, 'FRANCISCO JAVIERQUIÑONES CALONJE@EJEMPLO.COM', 0, 'A', '2016-08-02 22:32:23'),
	(80217437, 'E', 'C', 'LUIS', ' FERNANDO           ', 'PALACIOS', ' BAHAMON            ', 36, 'AV 3 31 04 AP 4', 3705536, 'LUIS FERNANDOPALACIOS BAHAMON@EJEMPLO.COM', 0, 'A', '2016-08-02 22:32:23'),
	(80500206, 'E', 'C', 'EDWIN', ' CESAR              ', 'SANCHEZ', ' PRIETO             ', 36, 'AC 28 23 39 PIS', 4669382, 'EDWIN CESARSANCHEZ PRIETO@EJEMPLO.COM', 0, 'A', '2016-08-02 22:32:23'),
	(80850966, 'E', 'C', 'LUIS', ' EDUARDO            ', 'RINCON', ' SOSA               ', 37, 'CR 53 37A 93 SU', 2382289, 'LUIS EDUARDORINCON SOSA@EJEMPLO.COM', 0, 'A', '2016-08-02 22:32:23'),
	(80863451, 'E', 'C', 'CARLOS', ' ALIRIO             ', 'GARCIA', ' LEON               ', 37, 'CL 65A 72A 42  ', 2231870, 'CARLOS ALIRIOGARCIA LEON@EJEMPLO.COM', 0, 'A', '2016-08-02 22:32:23'),
	(80863865, 'E', 'C', 'FREDY', ' ALEXANDER          ', 'AMAYA', ' ACEVEDO            ', 37, 'CL 64F 105D 46 ', 4828152, 'FREDY ALEXANDERAMAYA ACEVEDO@EJEMPLO.COM', 0, 'A', '2016-08-02 22:32:23'),
	(86084659, 'E', 'C', 'JOHN', ' FREDY              ', 'REY', ' CARDONA            ', 37, 'CL 23 15C 15   ', 5900580, 'JOHN FREDYREY CARDONA@EJEMPLO.COM', 0, 'A', '2016-08-02 22:32:23'),
	(88213876, 'E', 'C', 'DANILSON', '                    ', 'DUARTE', ' LOPEZ              ', 38, 'CL 74 23 61    ', 6004073, 'DANILSONDUARTE LOPEZ@EJEMPLO.COM', 0, 'A', '2016-08-02 22:32:23'),
	(91353894, 'E', 'C', 'WILVER', ' ALFREDO            ', 'ORTEGA', ' GELVEZ             ', 38, 'CL 33 29 28 AP ', 5900580, 'WILVER ALFREDOORTEGA GELVEZ@EJEMPLO.COM', 0, 'A', '2016-08-02 22:32:23'),
	(91424840, 'E', 'C', 'JESUS', '                    ', 'CHAVES', ' MACIAS             ', 38, 'CR 23 52 50    ', 5900580, 'JESUSCHAVES MACIAS@EJEMPLO.COM', 0, 'A', '2016-08-02 22:32:23'),
	(91474044, 'B', 'C', 'ALFREDO', ' ADENIS             ', 'BOHORQUEZ', ' GARCIA             ', 38, 'TV 58 108 78   ', 6176480, 'ALFREDO ADENISBOHORQUEZ GARCIA@EJEMPLO.COM', 0, 'A', '2016-08-02 22:32:23'),
	(91478221, 'B', 'C', 'CARLOS', ' ANDRES             ', 'ARDILA', ' DIAZ               ', 39, 'CL 64 4 85 ED Z', 5900580, 'CARLOS ANDRESARDILA DIAZ@EJEMPLO.COM', 0, 'A', '2016-08-02 22:32:23'),
	(91528420, 'B', 'C', 'LUIS', ' EDUARDO            ', 'VARGAS', ' ARDILA             ', 39, 'DG 36 34 147 AP', 6394387, 'LUIS EDUARDOVARGAS ARDILA@EJEMPLO.COM', 0, 'A', '2016-08-02 22:32:23'),
	(91538345, 'B', 'C', 'JAVIER', ' ENRIQUE            ', 'VIVIESCAS', ' MORA               ', 39, 'CL 106 26 15   ', 5900580, 'JAVIER ENRIQUEVIVIESCAS MORA@EJEMPLO.COM', 0, 'A', '2016-08-02 22:32:23'),
	(91541739, 'B', 'C', 'LUIS', ' FERNANDO           ', 'QUINTERO', ' QUINTERO           ', 39, 'CON BALCON DEL ', 6317014, 'LUIS FERNANDOQUINTERO QUINTERO@EJEMPLO.COM', 0, 'A', '2016-08-02 22:32:23'),
	(800037800, 'P', 'N', 'BANCO AGRARIO', '', '', '', 1, 'CR 15 12 31', 3821400, 'BANCO@ejemplo.com', 0, 'A', '2016-08-02 15:00:00'),
	(800088702, 'P', 'N', 'SUSALUDEPS SURA', '', '', '', 1, 'CR 15 12 32', 3821401, 'SUSAL@ejemplo.com', 0, 'A', '2016-08-02 15:00:00'),
	(800106339, 'P', 'N', 'SALUD COLMENASALUD C', '', '', '', 1, 'CR 15 12 33', 3821402, 'SALUD@ejemplo.com', 0, 'A', '2016-08-02 15:00:00'),
	(800130907, 'P', 'N', 'E.P.S. SALUD TOTALE.', '', '', '', 1, 'CR 15 12 34', 3821403, 'E.P.S@ejemplo.com', 0, 'A', '2016-08-02 15:00:00'),
	(800139690, 'P', 'N', 'COLPATRIA.', '', '', '', 2, 'CR 15 12 35', 3821404, 'COLPA@ejemplo.com', 0, 'A', '2016-08-02 15:00:00'),
	(800140680, 'P', 'N', 'UNIMEC S.A.UNIMEC S.', '', '', '', 2, 'CR 15 12 36', 3821405, 'UNIME@ejemplo.com', 0, 'A', '2016-08-02 15:00:00'),
	(800140949, 'P', 'N', 'CAFESALUDCAFESALUD', '', '', '', 2, 'CR 15 12 37', 3821406, 'CAFES@ejemplo.com', 0, 'A', '2016-08-02 15:00:00'),
	(800144331, 'P', 'N', 'PORVENIRPORVENIR', '', '', '', 2, 'CR 15 12 38', 3821407, 'PORVE@ejemplo.com', 0, 'A', '2016-08-02 15:00:00'),
	(800150280, 'P', 'N', 'FIDUCOLOMBIA SOCIEDA', '', '', '', 3, 'CR 15 12 39', 3821408, 'FIDUC@ejemplo.com', 0, 'A', '2016-08-02 15:00:00'),
	(800159085, 'P', 'N', 'DAVIVIRING FONDO DE ', '', '', '', 3, 'CR 15 12 40', 3821409, 'DAVIV@ejemplo.com', 0, 'A', '2016-08-02 15:00:00'),
	(800170494, 'P', 'N', 'PROTECCION  S.A.PROT', '', '', '', 3, 'CR 15 12 41', 3821410, 'PROTE@ejemplo.com', 0, 'A', '2016-08-02 15:00:00'),
	(800176994, 'P', 'N', 'UNICEF COLOMBIA0', '', '', '', 3, 'CR 15 12 42', 3821411, 'UNICE@ejemplo.com', 0, 'A', '2016-08-02 15:00:00'),
	(800184549, 'P', 'N', 'SKANDIA PENSIONES Y ', '', '', '', 4, 'CR 15 12 43', 3821412, 'SKAND@ejemplo.com', 0, 'A', '2016-08-02 15:00:00'),
	(800189529, 'P', 'N', 'HORIZONTE.', '', '', '', 4, 'CR 15 12 44', 3821413, 'HORIZ@ejemplo.com', 0, 'A', '2016-08-02 15:00:00'),
	(800198281, 'P', 'N', 'FONDO DE PENSIONES V', '', '', '', 4, 'CR 15 12 45', 3821414, 'FONDO@ejemplo.com', 0, 'A', '2016-08-02 15:00:00'),
	(800198644, 'P', 'N', 'COLFONDOS.', '', '', '', 4, 'CR 15 12 46', 3821415, 'COLFO@ejemplo.com', 0, 'A', '2016-08-02 15:00:00'),
	(800224827, 'P', 'N', 'PENSIONES SANTANDERI', '', '', '', 5, 'CR 15 12 47', 3821416, 'PENSI@ejemplo.com', 0, 'A', '2016-08-02 15:00:00'),
	(800226175, 'P', 'N', 'COLMENA RIESGOS PROF', '', '', '', 5, 'CR 15 12 48', 3821417, 'COLME@ejemplo.com', 0, 'A', '2016-08-02 15:00:00'),
	(800227940, 'P', 'N', 'COLFONDOSCOLFONDOS', '', '', '', 5, 'CR 15 12 49', 3821418, 'COLFO@ejemplo.com', 0, 'A', '2016-08-02 15:00:00'),
	(800229256, 'P', 'N', 'PENSIONES Y CESANTIA', '', '', '', 5, 'CR 15 12 50', 3821419, 'PENSI@ejemplo.com', 0, 'A', '2016-08-02 15:00:00'),
	(800229739, 'P', 'N', 'PROTECCIàN S.A.PROTE', '', '', '', 6, 'CR 15 12 51', 3821420, 'PROTE@ejemplo.com', 0, 'A', '2016-08-02 15:00:00'),
	(800231967, 'P', 'N', 'BBVA HORIZONTEBBVA H', '', '', '', 6, 'CR 15 12 52', 3821421, 'BBVA @ejemplo.com', 0, 'A', '2016-08-02 15:00:00'),
	(800250119, 'P', 'N', 'SALUDCOOPSALUDCOOP', '', '', '', 6, 'CR 15 12 53', 3821422, 'SALUD@ejemplo.com', 0, 'A', '2016-08-02 15:00:00'),
	(800251440, 'P', 'N', 'E. P.S. SANITASE. P.', '', '', '', 6, 'CR 15 12 54', 3821423, 'E. P.@ejemplo.com', 0, 'A', '2016-08-02 15:00:00'),
	(800253055, 'P', 'N', 'PENSIONES SKANDIAPEN', '', '', '', 7, 'CR 15 12 55', 3821424, 'PENSI@ejemplo.com', 0, 'A', '2016-08-02 15:00:00'),
	(804001273, 'P', 'N', 'SOLSALUD', '', '', '', 7, 'CR 15 12 56', 3821425, 'SOLSA@ejemplo.com', 0, 'A', '2016-08-02 15:00:00'),
	(805000427, 'P', 'N', 'COOMEVA E.P.S.COOMEV', '', '', '', 7, 'CR 15 12 57', 3821426, 'COOME@ejemplo.com', 0, 'A', '2016-08-02 15:00:00'),
	(805001157, 'P', 'N', 'SERV. OCCIDENTAL DE ', '', '', '', 7, 'CR 15 12 58', 3821427, 'SERV.@ejemplo.com', 0, 'A', '2016-08-02 15:00:00'),
	(811015884, 'P', 'N', 'FIDUCOLOMBIA SOCIED', '', '', '', 8, 'CR 15 12 59', 3821428, 'FIDUC@ejemplo.com', 0, 'A', '2016-08-02 15:00:00'),
	(830003564, 'P', 'N', 'E.P.S.  FAMISANARE.P', '', '', '', 8, 'CR 15 12 60', 3821429, 'E.P.S@ejemplo.com', 0, 'A', '2016-08-02 15:00:00'),
	(830006404, 'P', 'N', 'HUMANAVIVIRHUMANAVIV', '', '', '', 8, 'CR 15 12 61', 3821430, 'HUMAN@ejemplo.com', 0, 'A', '2016-08-02 15:00:00'),
	(830009783, 'P', 'N', 'CRUZ BLANCA ENTID.PR', '', '', '', 8, 'CR 15 12 62', 3821431, 'CRUZ @ejemplo.com', 0, 'A', '2016-08-02 15:00:00'),
	(830038085, 'P', 'N', 'FONDO DE PENS.VOLUNT', '', '', '', 9, 'CR 15 12 63', 3821432, 'FONDO@ejemplo.com', 0, 'A', '2016-08-02 15:00:00'),
	(830113831, 'P', 'N', 'COLIPS', '', '', '', 9, 'CR 15 12 64', 3821433, 'COLIP@ejemplo.com', 0, 'A', '2016-08-02 15:00:00'),
	(844003392, 'P', 'N', 'CAJA DE COMPENSACION', '', '', '', 9, 'CR 15 12 65', 3821434, 'CAJA @ejemplo.com', 0, 'A', '2016-08-02 15:00:00'),
	(860002398, 'P', 'N', 'AIG VIDA.', '', '', '', 9, 'CR 15 12 66', 3821435, 'AIG V@ejemplo.com', 0, 'A', '2016-08-02 15:00:00'),
	(860002962, 'P', 'N', 'BANCAFE.', '', '', '', 10, 'CR 15 12 67', 3821436, 'BANCA@ejemplo.com', 0, 'A', '2016-08-02 15:00:00'),
	(860003020, 'P', 'N', 'BBVA COLOMBIA', '', '', '', 10, 'CR 15 12 68', 3821437, 'BBVA @ejemplo.com', 0, 'A', '2016-08-02 15:00:00'),
	(860006773, 'P', 'N', 'CAVIPETROLCAVIPETROL', '', '', '', 10, 'CR 15 12 69', 3821438, 'CAVIP@ejemplo.com', 0, 'A', '2016-08-02 15:00:00'),
	(860007335, 'P', 'N', 'COLMENA BCSC', '', '', '', 10, 'CR 15 12 70', 3821439, 'COLME@ejemplo.com', 0, 'A', '2016-08-02 15:00:00'),
	(860011153, 'P', 'N', 'POSITIVA COMPAÑIA DE', '', '', '', 11, 'CR 15 12 71', 3821440, 'POSIT@ejemplo.com', 0, 'A', '2016-08-02 15:00:00'),
	(860013570, 'P', 'N', 'CAJA DE COMPENSACIàN', '', '', '', 11, 'CR 15 12 72', 3821441, 'CAJA @ejemplo.com', 0, 'A', '2016-08-02 15:00:00'),
	(860013743, 'P', 'N', 'COOPETROLCAJA COOPER', '', '', '', 11, 'CR 15 12 73', 3821442, 'COOPE@ejemplo.com', 0, 'A', '2016-08-02 15:00:00'),
	(860013816, 'P', 'N', 'SEGURO SOCIAL RIESGO', '', '', '', 11, 'CR 15 12 74', 3821443, 'SEGUR@ejemplo.com', 0, 'A', '2016-08-02 15:00:00'),
	(860027404, 'P', 'N', 'COLSEGUROS E.P.S.COL', '', '', '', 12, 'CR 15 12 75', 3821444, 'COLSE@ejemplo.com', 0, 'A', '2016-08-02 15:00:00'),
	(860034133, 'P', 'N', 'GRANAHORRAR.', '', '', '', 12, 'CR 15 12 76', 3821445, 'GRANA@ejemplo.com', 0, 'A', '2016-08-02 15:00:00'),
	(860034313, 'P', 'N', 'DAVIVIENDA', '', '', '', 12, 'CR 15 12 77', 3821446, 'DAVIV@ejemplo.com', 0, 'A', '2016-08-02 15:00:00'),
	(860034594, 'P', 'N', 'COLPATRIA.', '', '', '', 12, 'CR 15 12 78', 3821447, 'COLPA@ejemplo.com', 0, 'A', '2016-08-02 15:00:00'),
	(860035827, 'P', 'N', 'BANCO COMERCIAL AV V', '', '', '', 13, 'CR 15 12 79', 3821448, 'BANCO@ejemplo.com', 0, 'A', '2016-08-02 15:00:00'),
	(860066942, 'P', 'N', 'E.P.S. COMPENSARE.P.', '', '', '', 13, 'CR 15 12 80', 3821449, 'E.P.S@ejemplo.com', 0, 'A', '2016-08-02 15:00:00'),
	(860512237, 'P', 'N', 'SALUD COLPATRIA E.P.', '', '', '', 13, 'CR 15 12 81', 3821450, 'SALUD@ejemplo.com', 0, 'A', '2016-08-02 15:00:00'),
	(890200106, 'P', 'N', 'CAJASANCAJASAN', '', '', '', 13, 'CR 15 12 82', 3821451, 'CAJAS@ejemplo.com', 0, 'A', '2016-08-02 15:00:00'),
	(890201063, 'P', 'N', 'COOMULTRASAN', '', '', '', 14, 'CR 15 12 83', 3821452, 'COOMU@ejemplo.com', 0, 'A', '2016-08-02 15:00:00'),
	(890201578, 'P', 'N', 'COMFENALCOCOMFENALCO', '', '', '', 14, 'CR 15 12 84', 3821453, 'COMFE@ejemplo.com', 0, 'A', '2016-08-02 15:00:00'),
	(890270109, 'P', 'N', 'APORTES CLUB DE INFA', '', '', '', 14, 'CR 15 12 85', 3821454, 'APORT@ejemplo.com', 0, 'A', '2016-08-02 15:00:00'),
	(890303208, 'P', 'N', 'CCF DEL VALLE DEL CA', '', '', '', 14, 'CR 15 12 86', 3821455, 'CCF D@ejemplo.com', 0, 'A', '2016-08-02 15:00:00'),
	(890480023, 'P', 'N', 'COMFENALCO CARTAGENA', '', '', '', 15, 'CR 15 12 87', 3821456, 'COMFE@ejemplo.com', 0, 'A', '2016-08-02 15:00:00'),
	(890500675, 'P', 'N', 'COMFAORIENTECOMFAORI', '', '', '', 15, 'CR 15 12 88', 3821457, 'COMFA@ejemplo.com', 0, 'A', '2016-08-02 15:00:00'),
	(890900841, 'P', 'N', 'COMFAMACOMFAMA', '', '', '', 15, 'CR 15 12 89', 3821458, 'COMFA@ejemplo.com', 0, 'A', '2016-08-02 15:00:00'),
	(890903937, 'P', 'N', 'BANCO SANTANDER', '', '', '', 15, 'CR 15 12 90', 3821459, 'BANCO@ejemplo.com', 0, 'A', '2016-08-02 15:00:00'),
	(890903938, 'P', 'N', 'BANCOLOMBIA', '', '', '', 16, 'CR 15 12 91', 3821460, 'BANCO@ejemplo.com', 0, 'A', '2016-08-02 15:00:00'),
	(891180008, 'P', 'N', 'CAJA DE COMP.FAM. DE', '', '', '', 16, 'CR 15 12 92', 3821461, 'CAJA @ejemplo.com', 0, 'A', '2016-08-02 15:00:00'),
	(891200337, 'P', 'N', 'CAJA DE COMPENS.FAMI', '', '', '', 16, 'CR 15 12 93', 3821462, 'CAJA @ejemplo.com', 0, 'A', '2016-08-02 15:00:00'),
	(892000146, 'P', 'N', 'CAJA DE COMP.FAMIL.R', '', '', '', 16, 'CR 15 12 94', 3821463, 'CAJA @ejemplo.com', 0, 'A', '2016-08-02 15:00:00'),
	(899999034, 'P', 'N', 'SERVICIO NACIONAL DE', '', '', '', 17, 'CR 15 12 95', 3821464, 'SERVI@ejemplo.com', 0, 'A', '2016-08-02 15:00:00'),
	(899999239, 'P', 'N', 'INSTITUTO COLOMBIANO', '', '', '', 17, 'CR 15 12 96', 3821465, 'INSTI@ejemplo.com', 0, 'A', '2016-08-02 15:00:00'),
	(899999284, 'P', 'N', 'FONDO NACIONAL DEL A', '', '', '', 17, 'CR 15 12 97', 3821466, 'FONDO@ejemplo.com', 0, 'A', '2016-08-02 15:00:00'),
	(900047282, 'P', 'N', 'CONSORCIO FIDUFOSYGA', '', '', '', 17, 'CR 15 12 98', 3821467, 'CONSO@ejemplo.com', 0, 'A', '2016-08-02 15:00:00'),
	(900074992, 'P', 'N', 'GOLDEN GROUP EPS', '', '', '', 18, 'CR 15 12 99', 3821468, 'GOLDE@ejemplo.com', 0, 'A', '2016-08-02 15:00:00'),
	(900156264, 'P', 'N', 'NUEVA EPS S.A.', '', '', '', 18, 'CR 15 12 100', 3821469, 'NUEVA@ejemplo.com', 0, 'A', '2016-08-02 15:00:00'),
	(987654321, 'P', 'N', 'GRANAHORRAR.', '', '', '', 18, 'CR 15 12 101', 3821470, 'GRANA@ejemplo.com', 0, 'A', '2016-08-02 15:00:00'),
	(1010189408, 'B', 'C', 'YULI', ' VIVIANA            ', 'GARCIA', ' VARGAS             ', 40, 'CR 2 ESTE 2A 62', 3335474, 'YULI VIVIANAGARCIA VARGAS@EJEMPLO.COM', 0, 'A', '2016-08-02 22:32:23'),
	(1013613998, 'B', 'C', 'DIANA', ' LUCIA              ', 'AYALA', ' CASTIBLANCO        ', 40, 'CR 26 17 51 SUR', 4082906, 'DIANA LUCIAAYALA CASTIBLANCO@EJEMPLO.COM', 0, 'A', '2016-08-02 22:32:23'),
	(1014192553, 'B', 'C', 'GIOVANNI', ' ANDRES             ', 'AMADO', ' CASAS              ', 40, 'CL 76 A 100 B 3', 4352383, 'GIOVANNI ANDRESAMADO CASAS@EJEMPLO.COM', 0, 'A', '2016-08-02 22:32:23'),
	(1016027413, 'B', 'C', 'DIANA', ' MILENA             ', 'MURCIA', ' MENDEZ             ', 40, 'CL 43 A SUR 72 ', 5900580, 'DIANA MILENAMURCIA MENDEZ@EJEMPLO.COM', 0, 'A', '2016-08-02 22:32:23'),
	(1016035412, 'B', 'C', 'JEIMY', ' MAXSEIDEL          ', 'CASTRO', ' CLAVIJO            ', 41, 'CR 108 16J 26  ', 2983190, 'JEIMY MAXSEIDELCASTRO CLAVIJO@EJEMPLO.COM', 0, 'A', '2016-08-02 22:32:23'),
	(1018501836, 'B', 'T', 'JONATHAN', ' ANDRES             ', 'ARDILA', ' AVILA              ', 41, 'CR 97C 71 47 SU', 5900580, 'JONATHAN ANDRESARDILA AVILA@EJEMPLO.COM', 0, 'A', '2016-08-02 22:32:23'),
	(1019026394, 'B', 'C', 'GINA', ' TATIANA            ', 'MARROQUIN', ' CAITA              ', 41, 'CR 89 145 47   ', 5900580, 'GINA TATIANAMARROQUIN CAITA@EJEMPLO.COM', 0, 'A', '2016-08-02 22:32:23'),
	(1020404020, 'B', 'C', 'JHON', ' ESTEBAN            ', 'ROJAS', ' GONZALEZ           ', 41, 'CL 47 58 A 16  ', 5974920, 'JHON ESTEBANROJAS GONZALEZ@EJEMPLO.COM', 0, 'A', '2016-08-02 22:32:23'),
	(1022328244, 'B', 'C', 'GHELEN', ' ROCIO              ', 'ARAGON', ' LOPEZ              ', 42, 'CR 11 A 190 46 ', 5511723, 'GHELEN ROCIOARAGON LOPEZ@EJEMPLO.COM', 0, 'A', '2016-08-02 22:32:23'),
	(1022979027, 'B', 'C', 'ANDRÉS', ' FELIPE             ', 'MURCIA', ' FERNANDEZ          ', 42, 'CR 80C 10F 28  ', 3007266, 'ANDRÉS FELIPEMURCIA FERNANDEZ@EJEMPLO.COM', 0, 'A', '2016-08-02 22:32:23'),
	(1022992673, 'B', 'C', 'MIGUEL', ' ANGEL              ', 'CELY', ' SACHICA            ', 42, 'TRANSVERSAL 1D ', 4977685, 'MIGUEL ANGELCELY SACHICA@EJEMPLO.COM', 0, 'A', '2016-08-02 22:32:23'),
	(1023947705, 'B', 'C', 'CLAUDIA', ' MARCELA            ', 'VILLARRAGA', ' RODRIGUEZ          ', 42, 'CL 32 A SUR 1 D', 2066722, 'CLAUDIA MARCELAVILLARRAGA RODRIGUEZ@EJEMPLO.C', 0, 'A', '2016-08-02 22:32:23'),
	(1024474036, 'B', 'C', 'YENIFER', ' ANDREA             ', 'VITERI', ' RIASCOS            ', 43, '0', 0, 'YENIFER ANDREAVITERI RIASCOS@EJEMPLO.COM', 0, 'A', '2016-08-02 22:32:23'),
	(1024515553, 'B', 'C', 'JULIAN', ' CAMILO             ', 'ARANGO', ' GUTIERREZ          ', 43, 'TV 1 ESTE 27 B ', 7817675, 'JULIAN CAMILOARANGO GUTIERREZ@EJEMPLO.COM', 0, 'A', '2016-08-02 22:32:23'),
	(1030558927, 'B', 'C', 'CINDY', ' MAYERLY            ', 'PARRA', ' QUEVEDO            ', 43, 'CL 42 SUR 93C 0', 2739483, 'CINDY MAYERLYPARRA QUEVEDO@EJEMPLO.COM', 0, 'A', '2016-08-02 22:32:23'),
	(1030609499, 'B', 'C', 'JENYFER', ' LORENA             ', 'GALAN', ' GARCIA             ', 43, 'CL 11C 73 52   ', 3224417, 'JENYFER LORENAGALAN GARCIA@EJEMPLO.COM', 0, 'A', '2016-08-02 22:32:23'),
	(1031120858, 'B', 'C', 'LUISA', ' FERNANDA           ', 'BOLIVAR', ' ROMERO             ', 44, 'TV 72 F 43 59 S', 3782785, 'LUISA FERNANDABOLIVAR ROMERO@EJEMPLO.COM', 0, 'A', '2016-08-02 22:32:23'),
	(1031122775, 'B', 'C', 'LEYDY', ' MARCELA            ', 'COMAS', ' BARBOSA            ', 44, 'CR 147 A 119 F ', 5900580, 'LEYDY MARCELACOMAS BARBOSA@EJEMPLO.COM', 0, 'A', '2016-08-02 22:32:23'),
	(1031143670, 'B', 'C', 'PAOLA', ' ALEXANDRA          ', 'RIOS', ' PEREZ              ', 44, 'CL 65   SUR 68C', 2796892, 'PAOLA ALEXANDRARIOS PEREZ@EJEMPLO.COM', 0, 'A', '2016-08-02 22:32:23'),
	(1032375696, 'B', 'C', 'HECTOR', ' MAURICIO           ', 'LOPEZ', ' BERNAL             ', 44, 'CR 51 167 50 TO', 5900580, 'HECTOR MAURICIOLOPEZ BERNAL@EJEMPLO.COM', 0, 'A', '2016-08-02 22:32:23'),
	(1032383813, 'B', 'C', 'DIEGO', ' ARMANDO            ', 'PALACIOS', ' ALDANA             ', 45, 'CL 75 105 D 53 ', 4407558, 'DIEGO ARMANDOPALACIOS ALDANA@EJEMPLO.COM', 0, 'A', '2016-08-02 22:32:23'),
	(1032407275, 'B', 'C', 'LADY', ' JANETH             ', 'GUTIERREZ', ' CORREDOR           ', 45, 'CR 99 B 16 B BI', 5900580, 'LADY JANETHGUTIERREZ CORREDOR@EJEMPLO.COM', 0, 'A', '2016-08-02 22:32:23'),
	(1032408636, 'B', 'C', 'PAOLA', ' ANDREA             ', 'PARRA', ' MENDOZA            ', 45, 'CL 43 A SUR 72 ', 5900580, 'PAOLA ANDREAPARRA MENDOZA@EJEMPLO.COM', 0, 'A', '2016-08-02 22:32:23'),
	(1032486690, 'B', 'C', 'MARIA', ' PAULA              ', 'TORRES', ' AGUILLON           ', 45, 'CR 100 50 45 SU', 5900580, 'MARIA PAULATORRES AGUILLON@EJEMPLO.COM', 0, 'A', '2016-08-02 22:32:23'),
	(1033709413, 'B', 'C', 'OSCAR', ' JAVIER             ', 'QUINTANA', ' RAMIREZ            ', 46, 'CL 47 B SUR  23', 7602807, 'OSCAR JAVIERQUINTANA RAMIREZ@EJEMPLO.COM', 0, 'A', '2016-08-02 22:32:23'),
	(1033712778, 'B', 'C', 'ANGELA', ' JAZMIN             ', 'VARGAS', ' VILLANUEVA         ', 46, 'CL 52A 24C 20 S', 5900580, 'ANGELA JAZMINVARGAS VILLANUEVA@EJEMPLO.COM', 0, 'A', '2016-08-02 22:32:23'),
	(1033788473, 'B', 'C', 'LILIANA', ' KATHERINE          ', 'DURAN', ' RODRIGUEZ          ', 46, 'TV 5C N 52C 19 ', 5900580, 'LILIANA KATHERINEDURAN RODRIGUEZ@EJEMPLO.COM', 0, 'A', '2016-08-02 22:32:23'),
	(1047405010, 'B', 'C', 'YAMILETH', '                    ', 'LOPEZ', ' DUQUE              ', 46, 'CL 30  56 221  ', 6626652, 'YAMILETHLOPEZ DUQUE@EJEMPLO.COM', 0, 'A', '2016-08-02 22:32:23'),
	(1047410567, 'B', 'C', 'LENYS', ' TATIANA            ', 'CARRILLO', ' SEPULVEDA          ', 47, 'CRESPO AV 4 67 ', 0, 'LENYS TATIANACARRILLO SEPULVEDA@EJEMPLO.COM', 0, 'A', '2016-08-02 22:32:23'),
	(1047439284, 'B', 'C', 'LUIS', ' CARLOS JOEL        ', 'AGUILAR', ' ORTIZ              ', 47, 'MZ H LT 1 URBAN', 5900580, 'LUIS CARLOS JOELAGUILAR ORTIZ@EJEMPLO.COM', 0, 'A', '2016-08-02 22:32:23'),
	(1072421152, 'B', 'C', 'JORGE', ' LUIS               ', 'ROJAS', ' PENAGOS            ', 47, 'CL 2 93 D 35   ', 5900580, 'JORGE LUISROJAS PENAGOS@EJEMPLO.COM', 0, 'A', '2016-08-02 22:32:23'),
	(1073506519, 'B', 'C', 'JUAN', ' SEBASTIAN          ', 'VIRVIESCAS', ' YOPASA             ', 47, 'CR 24 A 10 98 A', 5900580, 'JUAN SEBASTIANVIRVIESCAS YOPASA@EJEMPLO.COM', 0, 'A', '2016-08-02 22:32:23'),
	(1075266723, 'B', 'C', 'YURI', ' TATIANA            ', 'ALARCON', ' CHALA              ', 48, 'CL 47 23 41    ', 8760175, 'YURI TATIANAALARCON CHALA@EJEMPLO.COM', 0, 'A', '2016-08-02 22:32:23'),
	(1076648344, 'B', 'C', 'ADRIANA', ' ESPERANZA          ', 'CAMARGO', ' SANTANA            ', 48, 'CR 106 A 71 A 2', 5900580, 'ADRIANA ESPERANZACAMARGO SANTANA@EJEMPLO.COM', 0, 'A', '2016-08-02 22:32:23'),
	(1091592778, 'B', 'C', 'DANIEL', ' AUGUSTO            ', 'GARCIA', ' GARCIA             ', 48, 'CR 9 15 36     ', 5900580, 'DANIEL AUGUSTOGARCIA GARCIA@EJEMPLO.COM', 0, 'A', '2016-08-02 22:32:23'),
	(1095818716, 'B', 'C', 'LEIDY', ' PAOLA              ', 'DURAN', ' GUTIERREZ          ', 48, 'CR 14 B 9 39   ', 6599259, 'LEIDY PAOLADURAN GUTIERREZ@EJEMPLO.COM', 0, 'A', '2016-08-02 22:32:23'),
	(1096196289, 'B', 'C', 'SANDRA', ' MARCELA            ', 'JALABE', ' RODELO             ', 49, 'CL 60    36E 41', 6217865, 'SANDRA MARCELAJALABE RODELO@EJEMPLO.COM', 0, 'A', '2016-08-02 22:32:23'),
	(1096202596, 'B', 'C', 'CARLOS', ' OMAR JUNIOR        ', 'MOSQUERA', ' GONZALEZ           ', 49, 'CR 20    66 19 ', 6223931, 'CARLOS OMAR JUNIORMOSQUERA GONZALEZ@EJEMPLO.C', 0, 'A', '2016-08-02 22:32:23'),
	(1096203174, 'B', 'C', 'MARIA', ' FERNANDA           ', 'MOSQUERA', ' MOSQUERA           ', 49, 'DG 55 15B 143  ', 5900580, 'MARIA FERNANDAMOSQUERA MOSQUERA@EJEMPLO.COM', 0, 'A', '2016-08-02 22:32:23'),
	(1096216526, 'B', 'C', 'LIZETH', ' JOHANA             ', 'PARRA', ' MORENO             ', 49, 'CENTRO ECOPETRO', 6109156, 'LIZETH JOHANAPARRA MORENO@EJEMPLO.COM', 0, 'A', '2016-08-02 22:32:23'),
	(1096218397, 'B', 'C', 'ANGELLY', ' MILENA             ', 'RIOS', ' LOZANO             ', 50, 'CR 23    53 53 ', 6025665, 'ANGELLY MILENARIOS LOZANO@EJEMPLO.COM', 0, 'A', '2016-08-02 22:32:23'),
	(1096222004, 'B', 'C', 'VIVIANA', ' MARCELA            ', 'RUEDA', ' GONZALEZ           ', 50, 'BRR LOS LAURELE', 6204187, 'VIVIANA MARCELARUEDA GONZALEZ@EJEMPLO.COM', 0, 'A', '2016-08-02 22:32:23'),
	(1096222137, 'B', 'C', 'ANGIE', ' VANESSA            ', 'SANCHEZ', ' CASTILLO           ', 50, 'CL 29 48 14    ', 6204671, 'ANGIE VANESSASANCHEZ CASTILLO@EJEMPLO.COM', 0, 'A', '2016-08-02 22:32:23'),
	(1096223245, 'B', 'C', 'KAREN', ' PATRICIA           ', 'ALMENDRALES', ' PEREZ              ', 50, '0', 0, 'KAREN PATRICIAALMENDRALES PEREZ@EJEMPLO.COM', 0, 'A', '2016-08-02 22:32:23'),
	(1096230066, 'B', 'C', 'RICARDO', ' SNEIDER            ', 'DUARTE', ' MONSALVE           ', 51, 'CR 61 48A 75   ', 5900580, 'RICARDO SNEIDERDUARTE MONSALVE@EJEMPLO.COM', 0, 'A', '2016-08-02 22:32:23'),
	(1096234078, 'B', 'C', 'JENIFER', ' ALEJANDRA          ', 'MACIAS', ' PADILLA            ', 51, '0', 0, 'JENIFER ALEJANDRAMACIAS PADILLA@EJEMPLO.COM', 0, 'A', '2016-08-02 22:32:23'),
	(1096235801, 'B', 'C', 'KATHERINE', '                    ', 'AVILA', ' BORJA              ', 51, '0', 0, 'KATHERINEAVILA BORJA@EJEMPLO.COM', 0, 'A', '2016-08-02 22:32:23'),
	(1096242637, 'B', 'C', 'DANIELA', '                    ', 'AYALA', ' AVILES             ', 51, 'CL 53    19 84 ', 6115164, 'DANIELAAYALA AVILES@EJEMPLO.COM', 0, 'A', '2016-08-02 22:32:23'),
	(1096957599, 'B', 'C', 'MAYERLY', '                    ', 'DAZA', ' GOMEZ              ', 52, 'CARRERA 7 # 9-5', 5900580, 'MAYERLYDAZA GOMEZ@EJEMPLO.COM', 0, 'A', '2016-08-02 22:32:23'),
	(1098626359, 'B', 'C', 'ADRIANA', ' MILENA             ', 'RODRIGUEZ', ' ORTIZ              ', 52, 'CR 27B 34 06   ', 6532249, 'ADRIANA MILENARODRIGUEZ ORTIZ@EJEMPLO.COM', 0, 'A', '2016-08-02 22:32:23'),
	(1098652841, 'B', 'C', 'JUDITH', ' PAOLA              ', 'SUAREZ', ' CONTRERAS          ', 52, 'CL 60 48 W 05 P', 6411038, 'JUDITH PAOLASUAREZ CONTRERAS@EJEMPLO.COM', 0, 'A', '2016-08-02 22:32:23'),
	(1098698268, 'B', 'C', 'FRANK', ' ALONSO             ', 'INFANTE', ' CEPEDA             ', 52, '0', 0, 'FRANK ALONSOINFANTE CEPEDA@EJEMPLO.COM', 0, 'A', '2016-08-02 22:32:23'),
	(1098708497, 'B', 'C', 'MARLY', ' KATHERINE          ', 'VELANDIA', ' CARREÑO            ', 53, 'CL 9 39 28     ', 5900580, 'MARLY KATHERINEVELANDIA CARREÑO@EJEMPLO.COM', 0, 'A', '2016-08-02 22:32:23'),
	(1098756062, 'B', 'C', 'CINDY', ' JOHANNA            ', 'MENDEZ', ' OCHOA              ', 53, 'CALLE 89 # 21-6', 6360645, 'CINDY JOHANNAMENDEZ OCHOA@EJEMPLO.COM', 0, 'A', '2016-08-02 22:32:23'),
	(1098789775, 'B', 'C', 'BRAYAN', ' ALBERTO            ', 'MEJIA', ' CHACON             ', 53, 'CALLE 52 # 16-7', 6428060, 'BRAYAN ALBERTOMEJIA CHACON@EJEMPLO.COM', 0, 'A', '2016-08-02 22:32:23'),
	(1102364904, 'B', 'C', 'MARLY', ' JOHANA             ', 'COBOS', ' BAYONA             ', 53, 'CR 29 11 49 ED ', 5900580, 'MARLY JOHANACOBOS BAYONA@EJEMPLO.COM', 0, 'A', '2016-08-02 22:32:23'),
	(1102377103, 'B', 'C', 'DANITZA', '                    ', 'FERRER', ' GARCIA             ', 54, 'CL 15 D 0 39', 0, 'DANITZAFERRER GARCIA@EJEMPLO.COM', 0, 'A', '2016-08-02 22:32:23'),
	(1129570120, 'B', 'C', 'ROSELYN', ' MARGARITA          ', 'ROSANIA', ' MARTINEZ           ', 54, 'CR 87 B 19 A 66', 7465884, 'ROSELYN MARGARITAROSANIA MARTINEZ@EJEMPLO.COM', 0, 'A', '2016-08-02 22:32:23'),
	(1143344749, 'B', 'C', 'AMY', ' MARCELA            ', 'ARNEDO', ' LUNA               ', 54, 'DG 30A 58 40   ', 6572374, 'AMY MARCELAARNEDO LUNA@EJEMPLO.COM', 0, 'A', '2016-08-02 22:32:23'),
	(1143956502, 'B', 'C', 'EVELYN', ' CRISTINA           ', 'BOLAÑOS', ' ORREGO             ', 54, 'CL 72 Z 2 28F 3', 4371651, 'EVELYN CRISTINABOLAÑOS ORREGO@EJEMPLO.COM', 0, 'A', '2016-08-02 22:32:23');
/*!40000 ALTER TABLE `bi_datosterceros` ENABLE KEYS */;


-- Volcando estructura para tabla sipre.gn_departamento
CREATE TABLE IF NOT EXISTS `gn_departamento` (
  `codDepartamento` int(11) NOT NULL COMMENT 'Codigo Departemento',
  `codPais` int(11) NOT NULL COMMENT 'Codigo Pais',
  `nomDepartamento` varchar(30) DEFAULT NULL COMMENT 'Nombre Departamento',
  `usuActividad` char(15) NOT NULL COMMENT 'usuario actividad',
  `tipActividad` char(1) NOT NULL COMMENT 'tipo actividad',
  `horActividad` timestamp NOT NULL DEFAULT CURRENT_TIMESTAMP COMMENT 'hora de la actividad',
  PRIMARY KEY (`codDepartamento`),
  UNIQUE KEY `codPais_UNIQUE` (`codDepartamento`),
  KEY `FKpais` (`codPais`),
  CONSTRAINT `FKpais` FOREIGN KEY (`codPais`) REFERENCES `gn_pais` (`codPais`) ON DELETE CASCADE ON UPDATE CASCADE
) ENGINE=InnoDB DEFAULT CHARSET=utf8 COMMENT='Departamento';

-- Volcando datos para la tabla sipre.gn_departamento: ~29 rows (aproximadamente)
/*!40000 ALTER TABLE `gn_departamento` DISABLE KEYS */;
INSERT INTO `gn_departamento` (`codDepartamento`, `codPais`, `nomDepartamento`, `usuActividad`, `tipActividad`, `horActividad`) VALUES
	(5, 169, 'ANTIOQUIA                     ', 'SIPRE', 'A', '0000-00-00 00:00:00'),
	(8, 169, 'ATLANTICO                     ', 'SIPRE', 'A', '0000-00-00 00:00:00'),
	(11, 169, 'DISTRITO CAPITAL              ', 'SIPRE', 'A', '0000-00-00 00:00:00'),
	(13, 169, 'BOLIVAR                       ', 'SIPRE', 'A', '0000-00-00 00:00:00'),
	(15, 169, 'BOYACA                        ', 'SIPRE', 'A', '0000-00-00 00:00:00'),
	(17, 169, 'CALDAS                        ', 'SIPRE', 'A', '0000-00-00 00:00:00'),
	(18, 169, 'CAQUETA                       ', 'SIPRE', 'A', '0000-00-00 00:00:00'),
	(19, 169, 'CAUCA                         ', 'SIPRE', 'A', '0000-00-00 00:00:00'),
	(20, 169, 'CESAR                         ', 'SIPRE', 'A', '0000-00-00 00:00:00'),
	(25, 169, 'CUNDINAMARCA                  ', 'SIPRE', 'A', '0000-00-00 00:00:00'),
	(27, 169, 'CHOCO                         ', 'SIPRE', 'A', '0000-00-00 00:00:00'),
	(30, 169, 'CORDOBA                       ', 'SIPRE', 'A', '0000-00-00 00:00:00'),
	(41, 169, 'HUILA                         ', 'SIPRE', 'A', '0000-00-00 00:00:00'),
	(44, 169, 'GUAJIRA                       ', 'SIPRE', 'A', '0000-00-00 00:00:00'),
	(47, 169, 'MAGDALENA                     ', 'SIPRE', 'A', '0000-00-00 00:00:00'),
	(50, 169, 'META                          ', 'SIPRE', 'A', '0000-00-00 00:00:00'),
	(52, 169, 'NARI¥O                        ', 'SIPRE', 'A', '0000-00-00 00:00:00'),
	(54, 169, 'NORTE DE SANTANDER            ', 'SIPRE', 'A', '0000-00-00 00:00:00'),
	(63, 169, 'QUINDIO                       ', 'SIPRE', 'A', '0000-00-00 00:00:00'),
	(66, 169, 'RISARALDA                     ', 'SIPRE', 'A', '0000-00-00 00:00:00'),
	(68, 169, 'SANTANDER                     ', 'SIPRE', 'A', '0000-00-00 00:00:00'),
	(70, 169, 'SUCRE                         ', 'SIPRE', 'A', '0000-00-00 00:00:00'),
	(73, 169, 'TOLIMA                        ', 'SIPRE', 'A', '0000-00-00 00:00:00'),
	(76, 169, 'VALLE DEL CAUCA               ', 'SIPRE', 'A', '0000-00-00 00:00:00'),
	(81, 169, 'ARAUCA                        ', 'SIPRE', 'A', '0000-00-00 00:00:00'),
	(85, 169, 'CASANARE                      ', 'SIPRE', 'A', '0000-00-00 00:00:00'),
	(86, 169, 'PUTUMAYO                      ', 'SIPRE', 'A', '0000-00-00 00:00:00'),
	(88, 169, 'SAN ANDRES                    ', 'SIPRE', 'A', '0000-00-00 00:00:00'),
	(91, 169, 'AMAZONAS                      ', 'SIPRE', 'A', '0000-00-00 00:00:00');
/*!40000 ALTER TABLE `gn_departamento` ENABLE KEYS */;


-- Volcando estructura para tabla sipre.gn_detallemenu
CREATE TABLE IF NOT EXISTS `gn_detallemenu` (
  `codMenu` int(11) NOT NULL COMMENT 'Codigo Menú',
  `codPrograma` int(11) NOT NULL COMMENT 'Codigo Programa',
  `codRol` int(11) NOT NULL COMMENT 'Codigo Rol',
  `usuActividad` int(15) NOT NULL COMMENT 'usuario actividad',
  `tipActividad` char(1) NOT NULL COMMENT 'tipo actividad',
  `horActividad` timestamp NOT NULL DEFAULT CURRENT_TIMESTAMP COMMENT 'hora de la actividad',
  PRIMARY KEY (`codMenu`,`codRol`),
  UNIQUE KEY `codMenu_UNIQUE` (`codMenu`),
  UNIQUE KEY `codRolu_UNIQUE` (`codRol`),
  KEY `fkprograma_idx` (`codPrograma`),
  CONSTRAINT `fkmenu` FOREIGN KEY (`codMenu`) REFERENCES `gn_menu` (`codMenu`),
  CONSTRAINT `fkmenu1` FOREIGN KEY (`codMenu`) REFERENCES `gn_menu` (`codMenu`),
  CONSTRAINT `fkprograma` FOREIGN KEY (`codPrograma`) REFERENCES `gn_programassistema` (`codPrograma`),
  CONSTRAINT `fkprograma1` FOREIGN KEY (`codPrograma`) REFERENCES `gn_programassistema` (`codPrograma`),
  CONSTRAINT `fkroll` FOREIGN KEY (`codRol`) REFERENCES `gn_roles` (`codRol`)
) ENGINE=InnoDB DEFAULT CHARSET=utf8 COMMENT='Detalle Menu';

-- Volcando datos para la tabla sipre.gn_detallemenu: ~0 rows (aproximadamente)
/*!40000 ALTER TABLE `gn_detallemenu` DISABLE KEYS */;
/*!40000 ALTER TABLE `gn_detallemenu` ENABLE KEYS */;


-- Volcando estructura para tabla sipre.gn_detallerol
CREATE TABLE IF NOT EXISTS `gn_detallerol` (
  `codRol` int(11) NOT NULL COMMENT 'Codigo Rol',
  `codUsuario` char(15) NOT NULL COMMENT 'Codigo Usuario',
  `usuActividad` int(15) NOT NULL COMMENT 'usuario actividad',
  `tipActividad` char(1) NOT NULL COMMENT 'tipo actividad',
  `horActividad` timestamp NOT NULL DEFAULT CURRENT_TIMESTAMP COMMENT 'hora de la actividad',
  PRIMARY KEY (`codRol`),
  UNIQUE KEY `codRolu_UNIQUE` (`codRol`),
  KEY `fkusuar` (`codUsuario`),
  CONSTRAINT `fkrol` FOREIGN KEY (`codRol`) REFERENCES `gn_roles` (`codRol`),
  CONSTRAINT `fkusuar` FOREIGN KEY (`codUsuario`) REFERENCES `gn_usuarios` (`codUsuaario`)
) ENGINE=InnoDB DEFAULT CHARSET=utf8 COMMENT='Detalle Rol';

-- Volcando datos para la tabla sipre.gn_detallerol: ~2 rows (aproximadamente)
/*!40000 ALTER TABLE `gn_detallerol` DISABLE KEYS */;
INSERT INTO `gn_detallerol` (`codRol`, `codUsuario`, `usuActividad`, `tipActividad`, `horActividad`) VALUES
	(1, '1234', 10, 'E', '2016-08-16 11:56:36'),
	(2, '1235', 11, 'C', '2016-08-16 11:57:09'),
	(3, '1236', 12, 'D', '2016-08-16 11:57:29');
/*!40000 ALTER TABLE `gn_detallerol` ENABLE KEYS */;


-- Volcando estructura para tabla sipre.gn_documentosadjuntostercero
CREATE TABLE IF NOT EXISTS `gn_documentosadjuntostercero` (
  `codTercero` int(11) NOT NULL COMMENT 'Codigo Tercero',
  `codDocumento` int(11) NOT NULL COMMENT 'Codigo Documento',
  `rutArchivo` int(11) NOT NULL COMMENT 'Ruta Archivo',
  `tipDocumento` int(11) NOT NULL COMMENT 'Tipo Documento',
  `usuActividad` int(15) NOT NULL COMMENT 'usuario actividad',
  `tipActividad` char(1) NOT NULL COMMENT 'tipo actividad',
  `horActividad` timestamp NOT NULL DEFAULT CURRENT_TIMESTAMP COMMENT 'hora de la actividad',
  PRIMARY KEY (`codTercero`,`codDocumento`),
  KEY `fktipdocum_idx` (`codDocumento`),
  CONSTRAINT `fktercero` FOREIGN KEY (`codTercero`) REFERENCES `bi_datosterceros` (`codTerc`),
  CONSTRAINT `fktipdocum` FOREIGN KEY (`codDocumento`) REFERENCES `gn_tipodocumentosadjuntos` (`codTipDocumentos`)
) ENGINE=InnoDB DEFAULT CHARSET=utf8 COMMENT='Documentos adjuntos por Tercero';

-- Volcando datos para la tabla sipre.gn_documentosadjuntostercero: ~0 rows (aproximadamente)
/*!40000 ALTER TABLE `gn_documentosadjuntostercero` DISABLE KEYS */;
/*!40000 ALTER TABLE `gn_documentosadjuntostercero` ENABLE KEYS */;


-- Volcando estructura para tabla sipre.gn_menu
CREATE TABLE IF NOT EXISTS `gn_menu` (
  `codMenu` int(11) NOT NULL COMMENT 'Codigo Menu',
  `nomMenu` varchar(40) NOT NULL COMMENT 'NOmbre Menu',
  `usuActividad` int(15) NOT NULL COMMENT 'usuario actividad',
  `tipActividad` char(1) NOT NULL COMMENT 'tipo actividad',
  `horActividad` timestamp NOT NULL DEFAULT CURRENT_TIMESTAMP COMMENT 'hora de la actividad',
  PRIMARY KEY (`codMenu`),
  UNIQUE KEY `codMenu_UNIQUE` (`codMenu`)
) ENGINE=InnoDB DEFAULT CHARSET=utf8 COMMENT='Menu';

-- Volcando datos para la tabla sipre.gn_menu: ~6 rows (aproximadamente)
/*!40000 ALTER TABLE `gn_menu` DISABLE KEYS */;
INSERT INTO `gn_menu` (`codMenu`, `nomMenu`, `usuActividad`, `tipActividad`, `horActividad`) VALUES
	(1, 'BIODATA', 0, '', '2016-08-04 15:44:18'),
	(2, 'GESTION DE BENEFICIO', 0, '', '2016-08-04 15:44:18'),
	(3, 'GESTION DE PRESUPUESTO', 0, '', '2016-08-04 15:44:18'),
	(4, 'GESTION DE PROVEEDORES', 0, '', '2016-08-04 15:44:18'),
	(5, 'FACTURACION', 0, '', '2016-08-04 15:44:18'),
	(6, 'PARAMETROS', 0, '', '2016-08-04 15:44:18');
/*!40000 ALTER TABLE `gn_menu` ENABLE KEYS */;


-- Volcando estructura para tabla sipre.gn_municipio
CREATE TABLE IF NOT EXISTS `gn_municipio` (
  `codMunicipio` int(11) NOT NULL AUTO_INCREMENT COMMENT 'Codigo Municipio',
  `codDepartamento` int(11) NOT NULL COMMENT 'Codigo Departamento',
  `codSuip` int(11) NOT NULL COMMENT 'Codigo Siup',
  `nomMunicipio` varchar(30) DEFAULT NULL COMMENT 'Nombre MUnicipio',
  `usuActividad` char(15) NOT NULL COMMENT 'usuario actividad',
  `tipActividad` char(1) NOT NULL COMMENT 'tipo actividad',
  `horActividad` timestamp NOT NULL DEFAULT CURRENT_TIMESTAMP COMMENT 'hora de la actividad',
  PRIMARY KEY (`codMunicipio`),
  UNIQUE KEY `codPais_UNIQUE` (`codMunicipio`),
  KEY `FKmunicipio` (`codDepartamento`),
  CONSTRAINT `FKmunicipio` FOREIGN KEY (`codDepartamento`) REFERENCES `gn_departamento` (`codDepartamento`) ON DELETE CASCADE ON UPDATE CASCADE
) ENGINE=InnoDB AUTO_INCREMENT=630 DEFAULT CHARSET=utf8 COMMENT='municipio';

-- Volcando datos para la tabla sipre.gn_municipio: ~629 rows (aproximadamente)
/*!40000 ALTER TABLE `gn_municipio` DISABLE KEYS */;
INSERT INTO `gn_municipio` (`codMunicipio`, `codDepartamento`, `codSuip`, `nomMunicipio`, `usuActividad`, `tipActividad`, `horActividad`) VALUES
	(1, 5, 1, 'MEDELLIN                      ', 'SIPRE', 'A', '0000-00-00 00:00:00'),
	(2, 5, 2, 'ABEJORRAL                     ', 'SIPRE', 'A', '0000-00-00 00:00:00'),
	(3, 5, 3, 'BELLO                         ', 'SIPRE', 'A', '0000-00-00 00:00:00'),
	(4, 5, 4, 'ABRIAQUI                      ', 'SIPRE', 'A', '0000-00-00 00:00:00'),
	(5, 5, 21, 'ALEJANDRIA                    ', 'SIPRE', 'A', '0000-00-00 00:00:00'),
	(6, 5, 30, 'AMAGA                         ', 'SIPRE', 'A', '0000-00-00 00:00:00'),
	(7, 5, 31, 'AMALFI                        ', 'SIPRE', 'A', '0000-00-00 00:00:00'),
	(8, 5, 34, 'ANDES                         ', 'SIPRE', 'A', '0000-00-00 00:00:00'),
	(9, 5, 36, 'ANGELOPOLIS                   ', 'SIPRE', 'A', '0000-00-00 00:00:00'),
	(10, 5, 38, 'ANGOSTURA                     ', 'SIPRE', 'A', '0000-00-00 00:00:00'),
	(11, 5, 40, 'ANORI                         ', 'SIPRE', 'A', '0000-00-00 00:00:00'),
	(12, 5, 42, 'SANTAFE DE ANTIOQUIA          ', 'SIPRE', 'A', '0000-00-00 00:00:00'),
	(13, 5, 44, 'ANZA                          ', 'SIPRE', 'A', '0000-00-00 00:00:00'),
	(14, 5, 45, 'APARTADO                      ', 'SIPRE', 'A', '0000-00-00 00:00:00'),
	(15, 5, 51, 'ARBOLETES                     ', 'SIPRE', 'A', '0000-00-00 00:00:00'),
	(16, 5, 55, 'ARGELIA                       ', 'SIPRE', 'A', '0000-00-00 00:00:00'),
	(17, 5, 59, 'ARMENIA                       ', 'SIPRE', 'A', '0000-00-00 00:00:00'),
	(18, 5, 79, 'BARBOSA                       ', 'SIPRE', 'A', '0000-00-00 00:00:00'),
	(19, 5, 91, 'BETANIA                       ', 'SIPRE', 'A', '0000-00-00 00:00:00'),
	(20, 5, 93, 'BETULIA                       ', 'SIPRE', 'A', '0000-00-00 00:00:00'),
	(21, 5, 101, 'CIUDAD BOLIVAR                ', 'SIPRE', 'A', '0000-00-00 00:00:00'),
	(22, 5, 113, 'BURITICA                      ', 'SIPRE', 'A', '0000-00-00 00:00:00'),
	(23, 5, 129, 'CALDAS                        ', 'SIPRE', 'A', '0000-00-00 00:00:00'),
	(24, 5, 134, 'CAMPAMENTO                    ', 'SIPRE', 'A', '0000-00-00 00:00:00'),
	(25, 5, 138, 'CA¥ASGORDAS                   ', 'SIPRE', 'A', '0000-00-00 00:00:00'),
	(26, 5, 142, 'CARACOLI                      ', 'SIPRE', 'A', '0000-00-00 00:00:00'),
	(27, 5, 145, 'CARAMANTA                     ', 'SIPRE', 'A', '0000-00-00 00:00:00'),
	(28, 5, 147, 'CAREPA                        ', 'SIPRE', 'A', '0000-00-00 00:00:00'),
	(29, 5, 154, 'CAUCASIA                      ', 'SIPRE', 'A', '0000-00-00 00:00:00'),
	(30, 5, 172, 'CHIGORODO                     ', 'SIPRE', 'A', '0000-00-00 00:00:00'),
	(31, 5, 190, 'CISNEROS                      ', 'SIPRE', 'A', '0000-00-00 00:00:00'),
	(32, 5, 197, 'COCORNA                       ', 'SIPRE', 'A', '0000-00-00 00:00:00'),
	(33, 5, 206, 'CONCEPCION                    ', 'SIPRE', 'A', '0000-00-00 00:00:00'),
	(34, 5, 209, 'CONCORDIA                     ', 'SIPRE', 'A', '0000-00-00 00:00:00'),
	(35, 5, 212, 'COPACABANA                    ', 'SIPRE', 'A', '0000-00-00 00:00:00'),
	(36, 5, 234, 'DABEIBA                       ', 'SIPRE', 'A', '0000-00-00 00:00:00'),
	(37, 5, 237, 'DON MATIAS                    ', 'SIPRE', 'A', '0000-00-00 00:00:00'),
	(38, 5, 240, 'EBEJICO                       ', 'SIPRE', 'A', '0000-00-00 00:00:00'),
	(39, 5, 264, 'ENTRERRIOS                    ', 'SIPRE', 'A', '0000-00-00 00:00:00'),
	(40, 5, 266, 'ENVIGADO                      ', 'SIPRE', 'A', '0000-00-00 00:00:00'),
	(41, 5, 282, 'FREDONIA                      ', 'SIPRE', 'A', '0000-00-00 00:00:00'),
	(42, 5, 306, 'GIRALDO                       ', 'SIPRE', 'A', '0000-00-00 00:00:00'),
	(43, 5, 308, 'GIRARDOTA                     ', 'SIPRE', 'A', '0000-00-00 00:00:00'),
	(44, 5, 310, 'GOMEZ PLATA                   ', 'SIPRE', 'A', '0000-00-00 00:00:00'),
	(45, 5, 313, 'GRANADA                       ', 'SIPRE', 'A', '0000-00-00 00:00:00'),
	(46, 5, 315, 'GUADALUPE                     ', 'SIPRE', 'A', '0000-00-00 00:00:00'),
	(47, 5, 318, 'GUARNE                        ', 'SIPRE', 'A', '0000-00-00 00:00:00'),
	(48, 5, 347, 'HELICONIA                     ', 'SIPRE', 'A', '0000-00-00 00:00:00'),
	(49, 5, 353, 'HISPANIA                      ', 'SIPRE', 'A', '0000-00-00 00:00:00'),
	(50, 5, 360, 'ITAGUI                        ', 'SIPRE', 'A', '0000-00-00 00:00:00'),
	(51, 5, 361, 'ITUANGO                       ', 'SIPRE', 'A', '0000-00-00 00:00:00'),
	(52, 5, 364, 'JARDIA                        ', 'SIPRE', 'A', '0000-00-00 00:00:00'),
	(53, 5, 368, 'JERICO                        ', 'SIPRE', 'A', '0000-00-00 00:00:00'),
	(54, 5, 376, 'LA CEJA                       ', 'SIPRE', 'A', '0000-00-00 00:00:00'),
	(55, 5, 380, 'LA ESTRELLA                   ', 'SIPRE', 'A', '0000-00-00 00:00:00'),
	(56, 5, 400, 'LA UNION                      ', 'SIPRE', 'A', '0000-00-00 00:00:00'),
	(57, 5, 411, 'LIBORINA                      ', 'SIPRE', 'A', '0000-00-00 00:00:00'),
	(58, 5, 425, 'MACEO                         ', 'SIPRE', 'A', '0000-00-00 00:00:00'),
	(59, 5, 467, 'MONTEBELLO                    ', 'SIPRE', 'A', '0000-00-00 00:00:00'),
	(60, 5, 480, 'MUTATA                        ', 'SIPRE', 'A', '0000-00-00 00:00:00'),
	(61, 5, 483, 'NARI¥O                        ', 'SIPRE', 'A', '0000-00-00 00:00:00'),
	(62, 5, 490, 'NECOCLI                       ', 'SIPRE', 'A', '0000-00-00 00:00:00'),
	(63, 5, 495, 'NECHI                         ', 'SIPRE', 'A', '0000-00-00 00:00:00'),
	(64, 5, 501, 'OLAYA                         ', 'SIPRE', 'A', '0000-00-00 00:00:00'),
	(65, 5, 541, 'PE¥OL                         ', 'SIPRE', 'A', '0000-00-00 00:00:00'),
	(66, 5, 543, 'PEQUE                         ', 'SIPRE', 'A', '0000-00-00 00:00:00'),
	(67, 5, 579, 'PUERTO BERRIO                 ', 'SIPRE', 'A', '0000-00-00 00:00:00'),
	(68, 5, 585, 'PUERTO NARE                   ', 'SIPRE', 'A', '0000-00-00 00:00:00'),
	(69, 5, 591, 'PUERTO TRIUNFO                ', 'SIPRE', 'A', '0000-00-00 00:00:00'),
	(70, 5, 604, 'REMEDIOS                      ', 'SIPRE', 'A', '0000-00-00 00:00:00'),
	(71, 5, 607, 'RETIRO                        ', 'SIPRE', 'A', '0000-00-00 00:00:00'),
	(72, 5, 615, 'RIONEGRO                      ', 'SIPRE', 'A', '0000-00-00 00:00:00'),
	(73, 5, 631, 'SABANETA                      ', 'SIPRE', 'A', '0000-00-00 00:00:00'),
	(74, 5, 642, 'SALGAR                        ', 'SIPRE', 'A', '0000-00-00 00:00:00'),
	(75, 5, 647, 'SAN ANDRES                    ', 'SIPRE', 'A', '0000-00-00 00:00:00'),
	(76, 5, 649, 'SAN CARLOS                    ', 'SIPRE', 'A', '0000-00-00 00:00:00'),
	(77, 5, 652, 'SAN FRANCISCO                 ', 'SIPRE', 'A', '0000-00-00 00:00:00'),
	(78, 5, 656, 'SAN JERONIMO                  ', 'SIPRE', 'A', '0000-00-00 00:00:00'),
	(79, 5, 658, 'SAN JOSE DE LA MONTA¥A        ', 'SIPRE', 'A', '0000-00-00 00:00:00'),
	(80, 5, 659, 'SAN JUAN DE URABA             ', 'SIPRE', 'A', '0000-00-00 00:00:00'),
	(81, 5, 660, 'SAN LUIS                      ', 'SIPRE', 'A', '0000-00-00 00:00:00'),
	(82, 5, 664, 'SAN PEDRO                     ', 'SIPRE', 'A', '0000-00-00 00:00:00'),
	(83, 5, 665, 'SAN PEDRO DE URABA            ', 'SIPRE', 'A', '0000-00-00 00:00:00'),
	(84, 5, 667, 'SAB RAFAEL                    ', 'SIPRE', 'A', '0000-00-00 00:00:00'),
	(85, 5, 670, 'SAN ROQUE                     ', 'SIPRE', 'A', '0000-00-00 00:00:00'),
	(86, 5, 679, 'SANTA BARBARA                 ', 'SIPRE', 'A', '0000-00-00 00:00:00'),
	(87, 5, 686, 'SATA ROSA DE OSOS             ', 'SIPRE', 'A', '0000-00-00 00:00:00'),
	(88, 5, 690, 'SANTO DOMINGO                 ', 'SIPRE', 'A', '0000-00-00 00:00:00'),
	(89, 5, 697, 'EL SANTUARIO                  ', 'SIPRE', 'A', '0000-00-00 00:00:00'),
	(90, 5, 736, 'SEGOVIA                       ', 'SIPRE', 'A', '0000-00-00 00:00:00'),
	(91, 5, 756, 'SONSON                        ', 'SIPRE', 'A', '0000-00-00 00:00:00'),
	(92, 5, 761, 'SOPETRAN                      ', 'SIPRE', 'A', '0000-00-00 00:00:00'),
	(93, 5, 789, 'TAMESIS                       ', 'SIPRE', 'A', '0000-00-00 00:00:00'),
	(94, 5, 790, 'TARAZA                        ', 'SIPRE', 'A', '0000-00-00 00:00:00'),
	(95, 5, 792, 'TARSO                         ', 'SIPRE', 'A', '0000-00-00 00:00:00'),
	(96, 5, 809, 'TITRIBI                       ', 'SIPRE', 'A', '0000-00-00 00:00:00'),
	(97, 5, 819, 'TOLEDO                        ', 'SIPRE', 'A', '0000-00-00 00:00:00'),
	(98, 5, 837, 'TURBO                         ', 'SIPRE', 'A', '0000-00-00 00:00:00'),
	(99, 5, 842, 'URAMITA                       ', 'SIPRE', 'A', '0000-00-00 00:00:00'),
	(100, 5, 847, 'URRAO                         ', 'SIPRE', 'A', '0000-00-00 00:00:00'),
	(101, 5, 854, 'VALDIVIA                      ', 'SIPRE', 'A', '0000-00-00 00:00:00'),
	(102, 5, 856, 'VALPARAISO                    ', 'SIPRE', 'A', '0000-00-00 00:00:00'),
	(103, 5, 858, 'VEGACHI                       ', 'SIPRE', 'A', '0000-00-00 00:00:00'),
	(104, 5, 861, 'VENECIA                       ', 'SIPRE', 'A', '0000-00-00 00:00:00'),
	(105, 5, 873, 'VIGA DEL FUERTE               ', 'SIPRE', 'A', '0000-00-00 00:00:00'),
	(106, 5, 885, 'YALI                          ', 'SIPRE', 'A', '0000-00-00 00:00:00'),
	(107, 5, 887, 'YURUMAL                       ', 'SIPRE', 'A', '0000-00-00 00:00:00'),
	(108, 5, 890, 'YOLOMBO                       ', 'SIPRE', 'A', '0000-00-00 00:00:00'),
	(109, 5, 895, 'ZARAGOZA                      ', 'SIPRE', 'A', '0000-00-00 00:00:00'),
	(110, 8, 1, 'BARRANQUILLA                  ', 'SIPRE', 'A', '0000-00-00 00:00:00'),
	(111, 8, 2, 'SOLEDAD                       ', 'SIPRE', 'A', '0000-00-00 00:00:00'),
	(112, 11, 1, 'BOGOTA D.C.                   ', 'SIPRE', 'A', '0000-00-00 00:00:00'),
	(113, 11, 20, 'ENGATIVA                      ', 'SIPRE', 'A', '0000-00-00 00:00:00'),
	(114, 11, 30, 'FONTIBON                      ', 'SIPRE', 'A', '0000-00-00 00:00:00'),
	(115, 11, 40, 'SUBA                          ', 'SIPRE', 'A', '0000-00-00 00:00:00'),
	(116, 11, 50, 'USAQUEN                       ', 'SIPRE', 'A', '0000-00-00 00:00:00'),
	(117, 11, 60, 'USME                          ', 'SIPRE', 'A', '0000-00-00 00:00:00'),
	(118, 11, 92, 'BOSA                          ', 'SIPRE', 'A', '0000-00-00 00:00:00'),
	(119, 13, 1, 'CARTAGENA                     ', 'SIPRE', 'A', '0000-00-00 00:00:00'),
	(120, 13, 6, 'ACHI                          ', 'SIPRE', 'A', '0000-00-00 00:00:00'),
	(121, 13, 30, 'ALTOS DEL ROSARIO             ', 'SIPRE', 'A', '0000-00-00 00:00:00'),
	(122, 13, 42, 'ARENAL                        ', 'SIPRE', 'A', '0000-00-00 00:00:00'),
	(123, 13, 43, 'SIMITI                        ', 'SIPRE', 'A', '0000-00-00 00:00:00'),
	(124, 13, 52, 'ARJONA                        ', 'SIPRE', 'A', '0000-00-00 00:00:00'),
	(125, 13, 74, 'BARRANCO DE LOBA              ', 'SIPRE', 'A', '0000-00-00 00:00:00'),
	(126, 13, 140, 'CALAMAR                       ', 'SIPRE', 'A', '0000-00-00 00:00:00'),
	(127, 13, 160, 'CANTA GALLO                   ', 'SIPRE', 'A', '0000-00-00 00:00:00'),
	(128, 13, 212, 'CORDOBA                       ', 'SIPRE', 'A', '0000-00-00 00:00:00'),
	(129, 13, 222, 'CLEMENCIA                     ', 'SIPRE', 'A', '0000-00-00 00:00:00'),
	(130, 13, 300, 'HASTILLO DE LOBA              ', 'SIPRE', 'A', '0000-00-00 00:00:00'),
	(131, 13, 430, 'MAGANGUE                      ', 'SIPRE', 'A', '0000-00-00 00:00:00'),
	(132, 13, 433, 'MAHATES                       ', 'SIPRE', 'A', '0000-00-00 00:00:00'),
	(133, 13, 440, 'MARGARITA                     ', 'SIPRE', 'A', '0000-00-00 00:00:00'),
	(134, 13, 442, 'MARIA LA BAJA                 ', 'SIPRE', 'A', '0000-00-00 00:00:00'),
	(135, 13, 458, 'MONTECRISTO                   ', 'SIPRE', 'A', '0000-00-00 00:00:00'),
	(136, 13, 468, 'MOMPOS                        ', 'SIPRE', 'A', '0000-00-00 00:00:00'),
	(137, 13, 473, 'MORALES                       ', 'SIPRE', 'A', '0000-00-00 00:00:00'),
	(138, 13, 549, 'PINILLOS                      ', 'SIPRE', 'A', '0000-00-00 00:00:00'),
	(139, 13, 600, 'RIO VIEJO                     ', 'SIPRE', 'A', '0000-00-00 00:00:00'),
	(140, 13, 620, 'SAN CRISTOBAL                 ', 'SIPRE', 'A', '0000-00-00 00:00:00'),
	(141, 13, 647, 'SAN ESTANISLAO                ', 'SIPRE', 'A', '0000-00-00 00:00:00'),
	(142, 13, 650, 'SAN FERNANDO                  ', 'SIPRE', 'A', '0000-00-00 00:00:00'),
	(143, 13, 654, 'SAN JACINTO                   ', 'SIPRE', 'A', '0000-00-00 00:00:00'),
	(144, 13, 657, 'SAN JUAN NEPOMUCENO           ', 'SIPRE', 'A', '0000-00-00 00:00:00'),
	(145, 13, 667, 'SAN MARTIN DE LOBA            ', 'SIPRE', 'A', '0000-00-00 00:00:00'),
	(146, 13, 670, 'SAN PABLO                     ', 'SIPRE', 'A', '0000-00-00 00:00:00'),
	(147, 13, 673, 'SANTA CATALINA                ', 'SIPRE', 'A', '0000-00-00 00:00:00'),
	(148, 13, 744, 'SIMITI                        ', 'SIPRE', 'A', '0000-00-00 00:00:00'),
	(149, 13, 760, 'SOPLAVIENTO                   ', 'SIPRE', 'A', '0000-00-00 00:00:00'),
	(150, 13, 780, 'TALAIGUA NUEVO                ', 'SIPRE', 'A', '0000-00-00 00:00:00'),
	(151, 13, 810, 'TIQUISIO                      ', 'SIPRE', 'A', '0000-00-00 00:00:00'),
	(152, 13, 836, 'TURBACO                       ', 'SIPRE', 'A', '0000-00-00 00:00:00'),
	(153, 13, 838, 'TURBANA                       ', 'SIPRE', 'A', '0000-00-00 00:00:00'),
	(154, 13, 873, 'VILLANUEVA                    ', 'SIPRE', 'A', '0000-00-00 00:00:00'),
	(155, 13, 894, 'ZAMBRANO                      ', 'SIPRE', 'A', '0000-00-00 00:00:00'),
	(156, 15, 1, 'TUNJA                         ', 'SIPRE', 'A', '0000-00-00 00:00:00'),
	(157, 15, 47, 'AQUITANIA                     ', 'SIPRE', 'A', '0000-00-00 00:00:00'),
	(158, 15, 51, 'ARCABUCO                      ', 'SIPRE', 'A', '0000-00-00 00:00:00'),
	(159, 15, 87, 'BELEN                         ', 'SIPRE', 'A', '0000-00-00 00:00:00'),
	(160, 15, 90, 'BERBEO                        ', 'SIPRE', 'A', '0000-00-00 00:00:00'),
	(161, 15, 92, 'BETEITIVA                     ', 'SIPRE', 'A', '0000-00-00 00:00:00'),
	(162, 15, 97, 'BOAVITA                       ', 'SIPRE', 'A', '0000-00-00 00:00:00'),
	(163, 15, 104, 'BOYACA                        ', 'SIPRE', 'A', '0000-00-00 00:00:00'),
	(164, 15, 109, 'BUENAVISTA                    ', 'SIPRE', 'A', '0000-00-00 00:00:00'),
	(165, 15, 114, 'BUSBANZA                      ', 'SIPRE', 'A', '0000-00-00 00:00:00'),
	(166, 15, 131, 'CALDAS                        ', 'SIPRE', 'A', '0000-00-00 00:00:00'),
	(167, 15, 135, 'CAMPOHERMOSO                  ', 'SIPRE', 'A', '0000-00-00 00:00:00'),
	(168, 15, 162, 'CERINZA                       ', 'SIPRE', 'A', '0000-00-00 00:00:00'),
	(169, 15, 172, 'CHINAVITA                     ', 'SIPRE', 'A', '0000-00-00 00:00:00'),
	(170, 15, 176, 'CHIQUINQUIRA                  ', 'SIPRE', 'A', '0000-00-00 00:00:00'),
	(171, 15, 180, 'CHISCAS                       ', 'SIPRE', 'A', '0000-00-00 00:00:00'),
	(172, 15, 183, 'CHITA                         ', 'SIPRE', 'A', '0000-00-00 00:00:00'),
	(173, 15, 185, 'CHITARAQUE                    ', 'SIPRE', 'A', '0000-00-00 00:00:00'),
	(174, 15, 187, 'CHIVATA                       ', 'SIPRE', 'A', '0000-00-00 00:00:00'),
	(175, 15, 189, 'CIENEGA                       ', 'SIPRE', 'A', '0000-00-00 00:00:00'),
	(176, 15, 204, 'COMBITA                       ', 'SIPRE', 'A', '0000-00-00 00:00:00'),
	(177, 15, 212, 'COPER                         ', 'SIPRE', 'A', '0000-00-00 00:00:00'),
	(178, 15, 215, 'CORRALES                      ', 'SIPRE', 'A', '0000-00-00 00:00:00'),
	(179, 15, 218, 'COVARACHIA                    ', 'SIPRE', 'A', '0000-00-00 00:00:00'),
	(180, 15, 223, 'CUBARA                        ', 'SIPRE', 'A', '0000-00-00 00:00:00'),
	(181, 15, 224, 'CUCAITA                       ', 'SIPRE', 'A', '0000-00-00 00:00:00'),
	(182, 15, 226, 'CUITIVA                       ', 'SIPRE', 'A', '0000-00-00 00:00:00'),
	(183, 15, 232, 'CHIQUIZA                      ', 'SIPRE', 'A', '0000-00-00 00:00:00'),
	(184, 15, 236, 'CHIVOR                        ', 'SIPRE', 'A', '0000-00-00 00:00:00'),
	(185, 15, 238, 'DUITAMA                       ', 'SIPRE', 'A', '0000-00-00 00:00:00'),
	(186, 15, 244, 'EL COCUY                      ', 'SIPRE', 'A', '0000-00-00 00:00:00'),
	(187, 15, 248, 'EL ESPINO                     ', 'SIPRE', 'A', '0000-00-00 00:00:00'),
	(188, 15, 272, 'FIRAVITOBAI                   ', 'SIPRE', 'A', '0000-00-00 00:00:00'),
	(189, 15, 276, 'FLORESTA                      ', 'SIPRE', 'A', '0000-00-00 00:00:00'),
	(190, 15, 293, 'GACHANTIVA                    ', 'SIPRE', 'A', '0000-00-00 00:00:00'),
	(191, 15, 296, 'GAMEZA                        ', 'SIPRE', 'A', '0000-00-00 00:00:00'),
	(192, 15, 299, 'GARAGOA                       ', 'SIPRE', 'A', '0000-00-00 00:00:00'),
	(193, 15, 317, 'GUACAMAYAS                    ', 'SIPRE', 'A', '0000-00-00 00:00:00'),
	(194, 15, 322, 'GUATEQUE                      ', 'SIPRE', 'A', '0000-00-00 00:00:00'),
	(195, 15, 325, 'GUAYATA                       ', 'SIPRE', 'A', '0000-00-00 00:00:00'),
	(196, 15, 332, 'GUICAN                        ', 'SIPRE', 'A', '0000-00-00 00:00:00'),
	(197, 15, 362, 'IZA                           ', 'SIPRE', 'A', '0000-00-00 00:00:00'),
	(198, 15, 367, 'JENESANO                      ', 'SIPRE', 'A', '0000-00-00 00:00:00'),
	(199, 15, 368, 'JERICO                        ', 'SIPRE', 'A', '0000-00-00 00:00:00'),
	(200, 15, 377, 'LABRANZAGRANDE                ', 'SIPRE', 'A', '0000-00-00 00:00:00'),
	(201, 15, 380, 'LA CAPILLA                    ', 'SIPRE', 'A', '0000-00-00 00:00:00'),
	(202, 15, 401, 'LA VICTORIA                   ', 'SIPRE', 'A', '0000-00-00 00:00:00'),
	(203, 15, 403, 'LA UVITA                      ', 'SIPRE', 'A', '0000-00-00 00:00:00'),
	(204, 15, 407, 'VILLA DE LEYVA                ', 'SIPRE', 'A', '0000-00-00 00:00:00'),
	(205, 15, 425, 'MACANAL                       ', 'SIPRE', 'A', '0000-00-00 00:00:00'),
	(206, 15, 442, 'MARIPI                        ', 'SIPRE', 'A', '0000-00-00 00:00:00'),
	(207, 15, 455, 'MIRAFLORES                    ', 'SIPRE', 'A', '0000-00-00 00:00:00'),
	(208, 15, 464, 'MONGUA                        ', 'SIPRE', 'A', '0000-00-00 00:00:00'),
	(209, 15, 466, 'MONGUI                        ', 'SIPRE', 'A', '0000-00-00 00:00:00'),
	(210, 15, 469, 'MONIQUIRA                     ', 'SIPRE', 'A', '0000-00-00 00:00:00'),
	(211, 15, 476, 'MOTAVITA                      ', 'SIPRE', 'A', '0000-00-00 00:00:00'),
	(212, 15, 480, 'MUZO                          ', 'SIPRE', 'A', '0000-00-00 00:00:00'),
	(213, 15, 491, 'NOBSA                         ', 'SIPRE', 'A', '0000-00-00 00:00:00'),
	(214, 15, 494, 'NUEVO COLON                   ', 'SIPRE', 'A', '0000-00-00 00:00:00'),
	(215, 15, 500, 'OICATA                        ', 'SIPRE', 'A', '0000-00-00 00:00:00'),
	(216, 15, 507, 'OTANCHE                       ', 'SIPRE', 'A', '0000-00-00 00:00:00'),
	(217, 15, 511, 'PACHAVITA                     ', 'SIPRE', 'A', '0000-00-00 00:00:00'),
	(218, 15, 514, 'PAEZ                          ', 'SIPRE', 'A', '0000-00-00 00:00:00'),
	(219, 15, 516, 'PAIPA                         ', 'SIPRE', 'A', '0000-00-00 00:00:00'),
	(220, 15, 518, 'PAJARITO                      ', 'SIPRE', 'A', '0000-00-00 00:00:00'),
	(221, 15, 531, 'PAUNA                         ', 'SIPRE', 'A', '0000-00-00 00:00:00'),
	(222, 15, 533, 'PAYA                          ', 'SIPRE', 'A', '0000-00-00 00:00:00'),
	(223, 15, 537, 'PAZ DE RIO                    ', 'SIPRE', 'A', '0000-00-00 00:00:00'),
	(224, 15, 542, 'PESCA                         ', 'SIPRE', 'A', '0000-00-00 00:00:00'),
	(225, 15, 550, 'PISBA                         ', 'SIPRE', 'A', '0000-00-00 00:00:00'),
	(226, 15, 572, 'PUERTO BOYACA                 ', 'SIPRE', 'A', '0000-00-00 00:00:00'),
	(227, 15, 580, 'QUIPAMA                       ', 'SIPRE', 'A', '0000-00-00 00:00:00'),
	(228, 15, 599, 'RAMIRIQUI                     ', 'SIPRE', 'A', '0000-00-00 00:00:00'),
	(229, 15, 600, 'RAQUIRA                       ', 'SIPRE', 'A', '0000-00-00 00:00:00'),
	(230, 15, 621, 'RONDON                        ', 'SIPRE', 'A', '0000-00-00 00:00:00'),
	(231, 15, 632, 'SABOYA                        ', 'SIPRE', 'A', '0000-00-00 00:00:00'),
	(232, 15, 638, 'SACHICA                       ', 'SIPRE', 'A', '0000-00-00 00:00:00'),
	(233, 15, 646, 'SAMACA                        ', 'SIPRE', 'A', '0000-00-00 00:00:00'),
	(234, 15, 660, 'SAN EDUARDO                   ', 'SIPRE', 'A', '0000-00-00 00:00:00'),
	(235, 15, 664, 'SAN JOSE DE PARE              ', 'SIPRE', 'A', '0000-00-00 00:00:00'),
	(236, 15, 667, 'SAN LUIS DE GACENO            ', 'SIPRE', 'A', '0000-00-00 00:00:00'),
	(237, 15, 673, 'SAN MATEO                     ', 'SIPRE', 'A', '0000-00-00 00:00:00'),
	(238, 15, 676, 'SAN MIGUEL DE SEMA            ', 'SIPRE', 'A', '0000-00-00 00:00:00'),
	(239, 15, 681, 'SAN PABLO DE BORBUR           ', 'SIPRE', 'A', '0000-00-00 00:00:00'),
	(240, 15, 686, 'SANTANA                       ', 'SIPRE', 'A', '0000-00-00 00:00:00'),
	(241, 15, 690, 'SANTA MARIA                   ', 'SIPRE', 'A', '0000-00-00 00:00:00'),
	(242, 15, 693, 'SANTA ROSA DE VITERBO         ', 'SIPRE', 'A', '0000-00-00 00:00:00'),
	(243, 15, 696, 'SANTA SOFIA                   ', 'SIPRE', 'A', '0000-00-00 00:00:00'),
	(244, 15, 720, 'SATIVANORTE                   ', 'SIPRE', 'A', '0000-00-00 00:00:00'),
	(245, 15, 723, 'SATIVASUR                     ', 'SIPRE', 'A', '0000-00-00 00:00:00'),
	(246, 15, 740, 'SIACHOQUE                     ', 'SIPRE', 'A', '0000-00-00 00:00:00'),
	(247, 15, 753, 'SOATA                         ', 'SIPRE', 'A', '0000-00-00 00:00:00'),
	(248, 15, 755, 'SOCOTA                        ', 'SIPRE', 'A', '0000-00-00 00:00:00'),
	(249, 15, 757, 'SOCHA                         ', 'SIPRE', 'A', '0000-00-00 00:00:00'),
	(250, 15, 759, 'SOGAMOSO                      ', 'SIPRE', 'A', '0000-00-00 00:00:00'),
	(251, 15, 761, 'SOMONDOCO                     ', 'SIPRE', 'A', '0000-00-00 00:00:00'),
	(252, 15, 762, 'SORA                          ', 'SIPRE', 'A', '0000-00-00 00:00:00'),
	(253, 15, 763, 'SOTAQUIRA                     ', 'SIPRE', 'A', '0000-00-00 00:00:00'),
	(254, 15, 764, 'SORACA                        ', 'SIPRE', 'A', '0000-00-00 00:00:00'),
	(255, 15, 774, 'SUSACON                       ', 'SIPRE', 'A', '0000-00-00 00:00:00'),
	(256, 15, 776, 'SUTAMARCHAN                   ', 'SIPRE', 'A', '0000-00-00 00:00:00'),
	(257, 15, 778, 'SUTATENZA                     ', 'SIPRE', 'A', '0000-00-00 00:00:00'),
	(258, 15, 790, 'TASCO                         ', 'SIPRE', 'A', '0000-00-00 00:00:00'),
	(259, 15, 798, 'TENZA                         ', 'SIPRE', 'A', '0000-00-00 00:00:00'),
	(260, 15, 804, 'TIBANA                        ', 'SIPRE', 'A', '0000-00-00 00:00:00'),
	(261, 15, 806, 'TIBASOSA                      ', 'SIPRE', 'A', '0000-00-00 00:00:00'),
	(262, 15, 808, 'TINJACA                       ', 'SIPRE', 'A', '0000-00-00 00:00:00'),
	(263, 15, 810, 'TIPACOQUE                     ', 'SIPRE', 'A', '0000-00-00 00:00:00'),
	(264, 15, 814, 'TOCA                          ', 'SIPRE', 'A', '0000-00-00 00:00:00'),
	(265, 15, 822, 'TOTA                          ', 'SIPRE', 'A', '0000-00-00 00:00:00'),
	(266, 15, 832, 'TUNUNGUA                      ', 'SIPRE', 'A', '0000-00-00 00:00:00'),
	(267, 15, 835, 'TURMEQUE                      ', 'SIPRE', 'A', '0000-00-00 00:00:00'),
	(268, 15, 837, 'TUTA                          ', 'SIPRE', 'A', '0000-00-00 00:00:00'),
	(269, 15, 839, 'TUTAZA                        ', 'SIPRE', 'A', '0000-00-00 00:00:00'),
	(270, 15, 842, 'UBITA                         ', 'SIPRE', 'A', '0000-00-00 00:00:00'),
	(271, 15, 861, 'VENTAQUEMADA                  ', 'SIPRE', 'A', '0000-00-00 00:00:00'),
	(272, 15, 879, 'VIRACACHA                     ', 'SIPRE', 'A', '0000-00-00 00:00:00'),
	(273, 15, 897, 'ZETAQUIRA                     ', 'SIPRE', 'A', '0000-00-00 00:00:00'),
	(274, 17, 1, 'MANIZALES                     ', 'SIPRE', 'A', '0000-00-00 00:00:00'),
	(275, 17, 2, 'SUPIA                         ', 'SIPRE', 'A', '0000-00-00 00:00:00'),
	(276, 17, 3, 'AGUADAS                       ', 'SIPRE', 'A', '0000-00-00 00:00:00'),
	(277, 18, 1, 'FLORENCIA                     ', 'SIPRE', 'A', '0000-00-00 00:00:00'),
	(278, 19, 1, 'POPAYAN                       ', 'SIPRE', 'A', '0000-00-00 00:00:00'),
	(279, 20, 1, 'VALLEDEUPAR                   ', 'SIPRE', 'A', '0000-00-00 00:00:00'),
	(280, 20, 11, 'AGUACHICA                     ', 'SIPRE', 'A', '0000-00-00 00:00:00'),
	(281, 25, 1, 'AGUA DE DIOS                  ', 'SIPRE', 'A', '0000-00-00 00:00:00'),
	(282, 25, 19, 'ALBAN                         ', 'SIPRE', 'A', '0000-00-00 00:00:00'),
	(283, 25, 35, 'ANAPOIMA                      ', 'SIPRE', 'A', '0000-00-00 00:00:00'),
	(284, 25, 40, 'ANOLAIMA                      ', 'SIPRE', 'A', '0000-00-00 00:00:00'),
	(285, 25, 86, 'BELTRAN                       ', 'SIPRE', 'A', '0000-00-00 00:00:00'),
	(286, 25, 95, 'BITUIMA                       ', 'SIPRE', 'A', '0000-00-00 00:00:00'),
	(287, 25, 99, 'BOJACA                        ', 'SIPRE', 'A', '0000-00-00 00:00:00'),
	(288, 25, 120, 'CABRERA                       ', 'SIPRE', 'A', '0000-00-00 00:00:00'),
	(289, 25, 123, 'CACHIPAY                      ', 'SIPRE', 'A', '0000-00-00 00:00:00'),
	(290, 25, 126, 'CAJICA                        ', 'SIPRE', 'A', '0000-00-00 00:00:00'),
	(291, 25, 148, 'CAPARRAPI                     ', 'SIPRE', 'A', '0000-00-00 00:00:00'),
	(292, 25, 151, 'CAQUEZA                       ', 'SIPRE', 'A', '0000-00-00 00:00:00'),
	(293, 25, 154, 'CARMEN DE CARUPA              ', 'SIPRE', 'A', '0000-00-00 00:00:00'),
	(294, 25, 168, 'CHAGUANI                      ', 'SIPRE', 'A', '0000-00-00 00:00:00'),
	(295, 25, 175, 'CHIA                          ', 'SIPRE', 'A', '0000-00-00 00:00:00'),
	(296, 25, 178, 'CHIPAQUE                      ', 'SIPRE', 'A', '0000-00-00 00:00:00'),
	(297, 25, 181, 'CHOACHI                       ', 'SIPRE', 'A', '0000-00-00 00:00:00'),
	(298, 25, 183, 'CHOCONTA                      ', 'SIPRE', 'A', '0000-00-00 00:00:00'),
	(299, 25, 200, 'COGUA                         ', 'SIPRE', 'A', '0000-00-00 00:00:00'),
	(300, 25, 214, 'COTA                          ', 'SIPRE', 'A', '0000-00-00 00:00:00'),
	(301, 25, 245, 'EL COLEGIO                    ', 'SIPRE', 'A', '0000-00-00 00:00:00'),
	(302, 25, 258, 'EL PE¥ON                      ', 'SIPRE', 'A', '0000-00-00 00:00:00'),
	(303, 25, 269, 'FACATATIVA                    ', 'SIPRE', 'A', '0000-00-00 00:00:00'),
	(304, 25, 279, 'FOMEQUE                       ', 'SIPRE', 'A', '0000-00-00 00:00:00'),
	(305, 25, 281, 'FOSCA                         ', 'SIPRE', 'A', '0000-00-00 00:00:00'),
	(306, 25, 290, 'FUSAGASUGA                    ', 'SIPRE', 'A', '0000-00-00 00:00:00'),
	(307, 25, 295, 'GACHANCIPA                    ', 'SIPRE', 'A', '0000-00-00 00:00:00'),
	(308, 25, 297, 'GACHETA                       ', 'SIPRE', 'A', '0000-00-00 00:00:00'),
	(309, 25, 299, 'GAMA                          ', 'SIPRE', 'A', '0000-00-00 00:00:00'),
	(310, 25, 307, 'GIRARDOT                      ', 'SIPRE', 'A', '0000-00-00 00:00:00'),
	(311, 25, 312, 'GRANADA                       ', 'SIPRE', 'A', '0000-00-00 00:00:00'),
	(312, 25, 317, 'GUACHETA                      ', 'SIPRE', 'A', '0000-00-00 00:00:00'),
	(313, 25, 320, 'GUADUAS                       ', 'SIPRE', 'A', '0000-00-00 00:00:00'),
	(314, 25, 322, 'GUASCA                        ', 'SIPRE', 'A', '0000-00-00 00:00:00'),
	(315, 25, 324, 'GUATAQUI                      ', 'SIPRE', 'A', '0000-00-00 00:00:00'),
	(316, 25, 326, 'GUATAVITA                     ', 'SIPRE', 'A', '0000-00-00 00:00:00'),
	(317, 25, 335, 'GUAYABETAL                    ', 'SIPRE', 'A', '0000-00-00 00:00:00'),
	(318, 25, 339, 'GUTIERREZ                     ', 'SIPRE', 'A', '0000-00-00 00:00:00'),
	(319, 25, 368, 'JERUSALEN                     ', 'SIPRE', 'A', '0000-00-00 00:00:00'),
	(320, 25, 372, 'JUNIN                         ', 'SIPRE', 'A', '0000-00-00 00:00:00'),
	(321, 25, 377, 'LA CALERA                     ', 'SIPRE', 'A', '0000-00-00 00:00:00'),
	(322, 25, 386, 'LA MESA                       ', 'SIPRE', 'A', '0000-00-00 00:00:00'),
	(323, 25, 394, 'LA PALMA                      ', 'SIPRE', 'A', '0000-00-00 00:00:00'),
	(324, 25, 398, 'LA PE¥A                       ', 'SIPRE', 'A', '0000-00-00 00:00:00'),
	(325, 25, 402, 'LA VEGA                       ', 'SIPRE', 'A', '0000-00-00 00:00:00'),
	(326, 25, 407, 'LENGUAZAQUE                   ', 'SIPRE', 'A', '0000-00-00 00:00:00'),
	(327, 25, 408, 'GACHALA                       ', 'SIPRE', 'A', '0000-00-00 00:00:00'),
	(328, 25, 426, 'MACHETA                       ', 'SIPRE', 'A', '0000-00-00 00:00:00'),
	(329, 25, 430, 'MADRID                        ', 'SIPRE', 'A', '0000-00-00 00:00:00'),
	(330, 25, 436, 'MANTA                         ', 'SIPRE', 'A', '0000-00-00 00:00:00'),
	(331, 25, 438, 'MEDINA                        ', 'SIPRE', 'A', '0000-00-00 00:00:00'),
	(332, 25, 473, 'MOSQUERA                      ', 'SIPRE', 'A', '0000-00-00 00:00:00'),
	(333, 25, 483, 'NARI¥O                        ', 'SIPRE', 'A', '0000-00-00 00:00:00'),
	(334, 25, 486, 'NEMOCON                       ', 'SIPRE', 'A', '0000-00-00 00:00:00'),
	(335, 25, 488, 'NILO                          ', 'SIPRE', 'A', '0000-00-00 00:00:00'),
	(336, 25, 489, 'NIMAIMA                       ', 'SIPRE', 'A', '0000-00-00 00:00:00'),
	(337, 25, 491, 'NOCAIMA                       ', 'SIPRE', 'A', '0000-00-00 00:00:00'),
	(338, 25, 506, 'VENECIA                       ', 'SIPRE', 'A', '0000-00-00 00:00:00'),
	(339, 25, 513, 'PACHO                         ', 'SIPRE', 'A', '0000-00-00 00:00:00'),
	(340, 25, 518, 'PAIME                         ', 'SIPRE', 'A', '0000-00-00 00:00:00'),
	(341, 25, 530, 'PARATEBUENO                   ', 'SIPRE', 'A', '0000-00-00 00:00:00'),
	(342, 25, 535, 'PASCA                         ', 'SIPRE', 'A', '0000-00-00 00:00:00'),
	(343, 25, 572, 'PUERTO SALGAR                 ', 'SIPRE', 'A', '0000-00-00 00:00:00'),
	(344, 25, 580, 'PULI                          ', 'SIPRE', 'A', '0000-00-00 00:00:00'),
	(345, 25, 592, 'QUEBRADANEGRA                 ', 'SIPRE', 'A', '0000-00-00 00:00:00'),
	(346, 25, 594, 'QUETAME                       ', 'SIPRE', 'A', '0000-00-00 00:00:00'),
	(347, 25, 596, 'QUIPILE                       ', 'SIPRE', 'A', '0000-00-00 00:00:00'),
	(348, 25, 599, 'APULO                         ', 'SIPRE', 'A', '0000-00-00 00:00:00'),
	(349, 25, 612, 'RICAURTE                      ', 'SIPRE', 'A', '0000-00-00 00:00:00'),
	(350, 25, 645, 'SAN ANTONIO DE TEQUENDAMA     ', 'SIPRE', 'A', '0000-00-00 00:00:00'),
	(351, 25, 649, 'SAN BERNARDO                  ', 'SIPRE', 'A', '0000-00-00 00:00:00'),
	(352, 25, 653, 'SAN CAYETANO                  ', 'SIPRE', 'A', '0000-00-00 00:00:00'),
	(353, 25, 658, 'SAN FRANCISCO                 ', 'SIPRE', 'A', '0000-00-00 00:00:00'),
	(354, 25, 662, 'SAN JUAN DE RIO SECO          ', 'SIPRE', 'A', '0000-00-00 00:00:00'),
	(355, 25, 718, 'SASAIMA                       ', 'SIPRE', 'A', '0000-00-00 00:00:00'),
	(356, 25, 736, 'SESQUILE                      ', 'SIPRE', 'A', '0000-00-00 00:00:00'),
	(357, 25, 740, 'SIBATE                        ', 'SIPRE', 'A', '0000-00-00 00:00:00'),
	(358, 25, 743, 'SILVANIA                      ', 'SIPRE', 'A', '0000-00-00 00:00:00'),
	(359, 25, 745, 'SIMIJACA                      ', 'SIPRE', 'A', '0000-00-00 00:00:00'),
	(360, 25, 754, 'SOACHA                        ', 'SIPRE', 'A', '0000-00-00 00:00:00'),
	(361, 25, 758, 'SOPO                          ', 'SIPRE', 'A', '0000-00-00 00:00:00'),
	(362, 25, 769, 'SUBACHOQUE                    ', 'SIPRE', 'A', '0000-00-00 00:00:00'),
	(363, 25, 772, 'SUESCA                        ', 'SIPRE', 'A', '0000-00-00 00:00:00'),
	(364, 25, 777, 'SUPATA                        ', 'SIPRE', 'A', '0000-00-00 00:00:00'),
	(365, 25, 779, 'SUSA                          ', 'SIPRE', 'A', '0000-00-00 00:00:00'),
	(366, 25, 780, 'FUNZA                         ', 'SIPRE', 'A', '0000-00-00 00:00:00'),
	(367, 25, 781, 'SUTATAUSA                     ', 'SIPRE', 'A', '0000-00-00 00:00:00'),
	(368, 25, 785, 'TABIO                         ', 'SIPRE', 'A', '0000-00-00 00:00:00'),
	(369, 25, 793, 'TAUSA                         ', 'SIPRE', 'A', '0000-00-00 00:00:00'),
	(370, 25, 797, 'TENA                          ', 'SIPRE', 'A', '0000-00-00 00:00:00'),
	(371, 25, 799, 'TENJO                         ', 'SIPRE', 'A', '0000-00-00 00:00:00'),
	(372, 25, 805, 'TIBACUY                       ', 'SIPRE', 'A', '0000-00-00 00:00:00'),
	(373, 25, 807, 'TIBIRITA                      ', 'SIPRE', 'A', '0000-00-00 00:00:00'),
	(374, 25, 815, 'TOCAIMA                       ', 'SIPRE', 'A', '0000-00-00 00:00:00'),
	(375, 25, 817, 'TOCANCIPA                     ', 'SIPRE', 'A', '0000-00-00 00:00:00'),
	(376, 25, 823, 'TOPAIPI                       ', 'SIPRE', 'A', '0000-00-00 00:00:00'),
	(377, 25, 839, 'UBALA                         ', 'SIPRE', 'A', '0000-00-00 00:00:00'),
	(378, 25, 841, 'UBAQUE                        ', 'SIPRE', 'A', '0000-00-00 00:00:00'),
	(379, 25, 843, 'UBATE                         ', 'SIPRE', 'A', '0000-00-00 00:00:00'),
	(380, 25, 845, 'UNE                           ', 'SIPRE', 'A', '0000-00-00 00:00:00'),
	(381, 25, 851, 'UTICA                         ', 'SIPRE', 'A', '0000-00-00 00:00:00'),
	(382, 25, 862, 'VERGARA                       ', 'SIPRE', 'A', '0000-00-00 00:00:00'),
	(383, 25, 871, 'VILLAGOMEZ                    ', 'SIPRE', 'A', '0000-00-00 00:00:00'),
	(384, 25, 873, 'VILLAPINZON                   ', 'SIPRE', 'A', '0000-00-00 00:00:00'),
	(385, 25, 875, 'VILLETA                       ', 'SIPRE', 'A', '0000-00-00 00:00:00'),
	(386, 25, 878, 'VIOTA                         ', 'SIPRE', 'A', '0000-00-00 00:00:00'),
	(387, 25, 885, 'YACOPI                        ', 'SIPRE', 'A', '0000-00-00 00:00:00'),
	(388, 25, 898, 'ZIPACON                       ', 'SIPRE', 'A', '0000-00-00 00:00:00'),
	(389, 25, 899, 'ZIPAQUIRA                     ', 'SIPRE', 'A', '0000-00-00 00:00:00'),
	(390, 25, 901, 'ARBELAEZ                      ', 'SIPRE', 'A', '0000-00-00 00:00:00'),
	(391, 27, 1, 'QUIBDO                        ', 'SIPRE', 'A', '0000-00-00 00:00:00'),
	(392, 27, 6, 'ACANDI                        ', 'SIPRE', 'A', '0000-00-00 00:00:00'),
	(393, 27, 25, 'ALTO BAUDIO                   ', 'SIPRE', 'A', '0000-00-00 00:00:00'),
	(394, 27, 73, 'BAGADO                        ', 'SIPRE', 'A', '0000-00-00 00:00:00'),
	(395, 27, 75, 'BAHIA SOLANO                  ', 'SIPRE', 'A', '0000-00-00 00:00:00'),
	(396, 27, 77, 'BAJO BAUDO                    ', 'SIPRE', 'A', '0000-00-00 00:00:00'),
	(397, 27, 99, 'BOJAYA                        ', 'SIPRE', 'A', '0000-00-00 00:00:00'),
	(398, 27, 135, 'CANTON DEL SAN PABLO          ', 'SIPRE', 'A', '0000-00-00 00:00:00'),
	(399, 27, 205, 'CONDOTO                       ', 'SIPRE', 'A', '0000-00-00 00:00:00'),
	(400, 27, 361, 'ITSMINA                       ', 'SIPRE', 'A', '0000-00-00 00:00:00'),
	(401, 27, 372, 'JURADO                        ', 'SIPRE', 'A', '0000-00-00 00:00:00'),
	(402, 27, 413, 'LLORO                         ', 'SIPRE', 'A', '0000-00-00 00:00:00'),
	(403, 27, 450, 'LITORAL DEL BAJO SAN JUAN     ', 'SIPRE', 'A', '0000-00-00 00:00:00'),
	(404, 27, 491, 'NOVITA                        ', 'SIPRE', 'A', '0000-00-00 00:00:00'),
	(405, 27, 495, 'NUQUI                         ', 'SIPRE', 'A', '0000-00-00 00:00:00'),
	(406, 27, 615, 'RIOSUCIO                      ', 'SIPRE', 'A', '0000-00-00 00:00:00'),
	(407, 27, 660, 'SAN JOSE DEL PALMAR           ', 'SIPRE', 'A', '0000-00-00 00:00:00'),
	(408, 27, 745, 'SIPI                          ', 'SIPRE', 'A', '0000-00-00 00:00:00'),
	(409, 27, 787, 'TADO                          ', 'SIPRE', 'A', '0000-00-00 00:00:00'),
	(410, 27, 800, 'UNGUIA                        ', 'SIPRE', 'A', '0000-00-00 00:00:00'),
	(411, 30, 189, 'CIENAGA DE ORO                ', 'SIPRE', 'A', '0000-00-00 00:00:00'),
	(412, 41, 1, 'NEIVA                         ', 'SIPRE', 'A', '0000-00-00 00:00:00'),
	(413, 41, 13, 'AGRADO                        ', 'SIPRE', 'A', '0000-00-00 00:00:00'),
	(414, 41, 14, 'LA PLATA                      ', 'SIPRE', 'A', '0000-00-00 00:00:00'),
	(415, 41, 16, 'AIPE                          ', 'SIPRE', 'A', '0000-00-00 00:00:00'),
	(416, 41, 20, 'ALGECIRAS                     ', 'SIPRE', 'A', '0000-00-00 00:00:00'),
	(417, 41, 26, 'ALTAMIRA                      ', 'SIPRE', 'A', '0000-00-00 00:00:00'),
	(418, 41, 78, 'BARAYA                        ', 'SIPRE', 'A', '0000-00-00 00:00:00'),
	(419, 41, 132, 'CAMPOALEGRE                   ', 'SIPRE', 'A', '0000-00-00 00:00:00'),
	(420, 41, 206, 'COLOMBIA                      ', 'SIPRE', 'A', '0000-00-00 00:00:00'),
	(421, 41, 244, 'ELIAS                         ', 'SIPRE', 'A', '0000-00-00 00:00:00'),
	(422, 41, 298, 'GARZON                        ', 'SIPRE', 'A', '0000-00-00 00:00:00'),
	(423, 41, 306, 'GIGANTE                       ', 'SIPRE', 'A', '0000-00-00 00:00:00'),
	(424, 41, 319, 'GUADALUPE                     ', 'SIPRE', 'A', '0000-00-00 00:00:00'),
	(425, 41, 349, 'HOBO                          ', 'SIPRE', 'A', '0000-00-00 00:00:00'),
	(426, 41, 359, 'SAN JOSE DE ISNOS             ', 'SIPRE', 'A', '0000-00-00 00:00:00'),
	(427, 41, 378, 'LA ARGENTINA                  ', 'SIPRE', 'A', '0000-00-00 00:00:00'),
	(428, 41, 518, 'PAICOL                        ', 'SIPRE', 'A', '0000-00-00 00:00:00'),
	(429, 41, 530, 'PALESTINA                     ', 'SIPRE', 'A', '0000-00-00 00:00:00'),
	(430, 41, 531, 'PALERMO                       ', 'SIPRE', 'A', '0000-00-00 00:00:00'),
	(431, 41, 548, 'PITAL                         ', 'SIPRE', 'A', '0000-00-00 00:00:00'),
	(432, 41, 551, 'PITALITO                      ', 'SIPRE', 'A', '0000-00-00 00:00:00'),
	(433, 41, 668, 'SAN AGUSTIN                   ', 'SIPRE', 'A', '0000-00-00 00:00:00'),
	(434, 41, 676, 'SANTA MARIA                   ', 'SIPRE', 'A', '0000-00-00 00:00:00'),
	(435, 41, 770, 'SUAZA                         ', 'SIPRE', 'A', '0000-00-00 00:00:00'),
	(436, 41, 791, 'TARQUI                        ', 'SIPRE', 'A', '0000-00-00 00:00:00'),
	(437, 41, 797, 'TESALIA                       ', 'SIPRE', 'A', '0000-00-00 00:00:00'),
	(438, 41, 799, 'TELLO                         ', 'SIPRE', 'A', '0000-00-00 00:00:00'),
	(439, 41, 801, 'TERUEL                        ', 'SIPRE', 'A', '0000-00-00 00:00:00'),
	(440, 41, 807, 'TIMANA                        ', 'SIPRE', 'A', '0000-00-00 00:00:00'),
	(441, 41, 872, 'VILLAVIEJA                    ', 'SIPRE', 'A', '0000-00-00 00:00:00'),
	(442, 41, 885, 'YAGUARA                       ', 'SIPRE', 'A', '0000-00-00 00:00:00'),
	(443, 44, 1, 'RIOHACHA                      ', 'SIPRE', 'A', '0000-00-00 00:00:00'),
	(444, 44, 78, 'BARRANCAS                     ', 'SIPRE', 'A', '0000-00-00 00:00:00'),
	(445, 44, 110, 'ALBANIA                       ', 'SIPRE', 'A', '0000-00-00 00:00:00'),
	(446, 44, 279, 'FONSECA                       ', 'SIPRE', 'A', '0000-00-00 00:00:00'),
	(447, 44, 430, 'MAICAO                        ', 'SIPRE', 'A', '0000-00-00 00:00:00'),
	(448, 44, 847, 'URIBIA                        ', 'SIPRE', 'A', '0000-00-00 00:00:00'),
	(449, 44, 855, 'URUMITA                       ', 'SIPRE', 'A', '0000-00-00 00:00:00'),
	(450, 44, 874, 'VILLANUEVA                    ', 'SIPRE', 'A', '0000-00-00 00:00:00'),
	(451, 44, 875, 'SAN JUAN DEL CESAR            ', 'SIPRE', 'A', '0000-00-00 00:00:00'),
	(452, 44, 876, 'EL MOLINO                     ', 'SIPRE', 'A', '0000-00-00 00:00:00'),
	(453, 47, 1, 'SANTA MARTA                   ', 'SIPRE', 'A', '0000-00-00 00:00:00'),
	(454, 47, 2, 'SAN SEBASTIAN DE BUENAVISTA   ', 'SIPRE', 'A', '0000-00-00 00:00:00'),
	(455, 50, 1, 'VILLAVICENCIO                 ', 'SIPRE', 'A', '0000-00-00 00:00:00'),
	(456, 50, 6, 'ACACIAS                       ', 'SIPRE', 'A', '0000-00-00 00:00:00'),
	(457, 50, 110, 'BARRANCA DE UPIA              ', 'SIPRE', 'A', '0000-00-00 00:00:00'),
	(458, 50, 124, 'CABUYARO                      ', 'SIPRE', 'A', '0000-00-00 00:00:00'),
	(459, 50, 150, 'CASTILLA LA NUEVA             ', 'SIPRE', 'A', '0000-00-00 00:00:00'),
	(460, 50, 223, 'SAN LUIS DE CUBARRAL          ', 'SIPRE', 'A', '0000-00-00 00:00:00'),
	(461, 50, 226, 'CUMARAL                       ', 'SIPRE', 'A', '0000-00-00 00:00:00'),
	(462, 50, 245, 'EL CARMEN                     ', 'SIPRE', 'A', '0000-00-00 00:00:00'),
	(463, 50, 251, 'EL CASTILLO                   ', 'SIPRE', 'A', '0000-00-00 00:00:00'),
	(464, 50, 270, 'EL DORADO                     ', 'SIPRE', 'A', '0000-00-00 00:00:00'),
	(465, 50, 313, 'GRANADA                       ', 'SIPRE', 'A', '0000-00-00 00:00:00'),
	(466, 50, 318, 'GUAMAL                        ', 'SIPRE', 'A', '0000-00-00 00:00:00'),
	(467, 50, 325, 'MAPIRIPAN                     ', 'SIPRE', 'A', '0000-00-00 00:00:00'),
	(468, 50, 330, 'MESETAS                       ', 'SIPRE', 'A', '0000-00-00 00:00:00'),
	(469, 50, 370, 'LA URIBE                      ', 'SIPRE', 'A', '0000-00-00 00:00:00'),
	(470, 50, 400, 'LEJANIAS                      ', 'SIPRE', 'A', '0000-00-00 00:00:00'),
	(471, 50, 450, 'PUERTO CONCORDIA              ', 'SIPRE', 'A', '0000-00-00 00:00:00'),
	(472, 50, 573, 'PUERTO LOPEZ                  ', 'SIPRE', 'A', '0000-00-00 00:00:00'),
	(473, 50, 577, 'PUERTO LLERAS                 ', 'SIPRE', 'A', '0000-00-00 00:00:00'),
	(474, 50, 590, 'PUERTO RICO                   ', 'SIPRE', 'A', '0000-00-00 00:00:00'),
	(475, 50, 606, 'RESTREPO                      ', 'SIPRE', 'A', '0000-00-00 00:00:00'),
	(476, 50, 680, 'SAN CARLOS DE GUAROA          ', 'SIPRE', 'A', '0000-00-00 00:00:00'),
	(477, 50, 683, 'SAN JUAN DE ARAMA             ', 'SIPRE', 'A', '0000-00-00 00:00:00'),
	(478, 50, 686, 'SAN JUANITO                   ', 'SIPRE', 'A', '0000-00-00 00:00:00'),
	(479, 50, 689, 'SAN MARTIN                    ', 'SIPRE', 'A', '0000-00-00 00:00:00'),
	(480, 50, 711, 'VISTAHERMOSA                  ', 'SIPRE', 'A', '0000-00-00 00:00:00'),
	(481, 52, 1, 'PASTO                         ', 'SIPRE', 'A', '0000-00-00 00:00:00'),
	(482, 52, 2, 'GUALMATAN                     ', 'SIPRE', 'A', '0000-00-00 00:00:00'),
	(483, 54, 1, 'CUCUTA                        ', 'SIPRE', 'A', '0000-00-00 00:00:00'),
	(484, 54, 3, 'ABREGO                        ', 'SIPRE', 'A', '0000-00-00 00:00:00'),
	(485, 54, 4, 'SABANA DE TORRES              ', 'SIPRE', 'A', '0000-00-00 00:00:00'),
	(486, 54, 51, 'ARBOLEDAS                     ', 'SIPRE', 'A', '0000-00-00 00:00:00'),
	(487, 54, 81, 'BARRANCABERMEJA               ', 'SIPRE', 'A', '0000-00-00 00:00:00'),
	(488, 54, 99, 'BOCHALEMA                     ', 'SIPRE', 'A', '0000-00-00 00:00:00'),
	(489, 54, 109, 'BUCARASICA                    ', 'SIPRE', 'A', '0000-00-00 00:00:00'),
	(490, 54, 125, 'CACOTA                        ', 'SIPRE', 'A', '0000-00-00 00:00:00'),
	(491, 54, 128, 'CACHIRA                       ', 'SIPRE', 'A', '0000-00-00 00:00:00'),
	(492, 54, 172, 'CHINACOTA                     ', 'SIPRE', 'A', '0000-00-00 00:00:00'),
	(493, 54, 174, 'CHITAGA                       ', 'SIPRE', 'A', '0000-00-00 00:00:00'),
	(494, 54, 206, 'CONVENCION                    ', 'SIPRE', 'A', '0000-00-00 00:00:00'),
	(495, 54, 223, 'CUCUTILLA                     ', 'SIPRE', 'A', '0000-00-00 00:00:00'),
	(496, 54, 239, 'DURANIA                       ', 'SIPRE', 'A', '0000-00-00 00:00:00'),
	(497, 54, 250, 'EL TARRA                      ', 'SIPRE', 'A', '0000-00-00 00:00:00'),
	(498, 54, 261, 'EL ZULIA                      ', 'SIPRE', 'A', '0000-00-00 00:00:00'),
	(499, 54, 313, 'GARMALOTE                     ', 'SIPRE', 'A', '0000-00-00 00:00:00'),
	(500, 54, 344, 'HACARI                        ', 'SIPRE', 'A', '0000-00-00 00:00:00'),
	(501, 54, 347, 'HERRAN                        ', 'SIPRE', 'A', '0000-00-00 00:00:00'),
	(502, 54, 377, 'LABATECA                      ', 'SIPRE', 'A', '0000-00-00 00:00:00'),
	(503, 54, 385, 'LA ESPERANZA                  ', 'SIPRE', 'A', '0000-00-00 00:00:00'),
	(504, 54, 398, 'LA PLAYA                      ', 'SIPRE', 'A', '0000-00-00 00:00:00'),
	(505, 54, 405, 'LOS PATIOS                    ', 'SIPRE', 'A', '0000-00-00 00:00:00'),
	(506, 54, 418, 'LOURDES                       ', 'SIPRE', 'A', '0000-00-00 00:00:00'),
	(507, 54, 498, 'OCA¥A                         ', 'SIPRE', 'A', '0000-00-00 00:00:00'),
	(508, 54, 518, 'PAMPLONA                      ', 'SIPRE', 'A', '0000-00-00 00:00:00'),
	(509, 54, 520, 'PAMPLONITA                    ', 'SIPRE', 'A', '0000-00-00 00:00:00'),
	(510, 54, 553, 'PUERTO SANTANDER              ', 'SIPRE', 'A', '0000-00-00 00:00:00'),
	(511, 54, 599, 'RAGONVALIA                    ', 'SIPRE', 'A', '0000-00-00 00:00:00'),
	(512, 54, 660, 'SALAZAR                       ', 'SIPRE', 'A', '0000-00-00 00:00:00'),
	(513, 54, 670, 'SAN CALIXTO                   ', 'SIPRE', 'A', '0000-00-00 00:00:00'),
	(514, 54, 673, 'SAN CAYETANO                  ', 'SIPRE', 'A', '0000-00-00 00:00:00'),
	(515, 54, 680, 'SANTIAGO                      ', 'SIPRE', 'A', '0000-00-00 00:00:00'),
	(516, 54, 720, 'SARDINATA                     ', 'SIPRE', 'A', '0000-00-00 00:00:00'),
	(517, 54, 743, 'SILOS                         ', 'SIPRE', 'A', '0000-00-00 00:00:00'),
	(518, 54, 744, 'TONA                          ', 'SIPRE', 'A', '0000-00-00 00:00:00'),
	(519, 54, 800, 'TEORAMA                       ', 'SIPRE', 'A', '0000-00-00 00:00:00'),
	(520, 54, 810, 'TIBU                          ', 'SIPRE', 'A', '0000-00-00 00:00:00'),
	(521, 54, 820, 'TOLEDO                        ', 'SIPRE', 'A', '0000-00-00 00:00:00'),
	(522, 54, 871, 'VILLA CARO                    ', 'SIPRE', 'A', '0000-00-00 00:00:00'),
	(523, 54, 874, 'VILLA DEL ROSARIO             ', 'SIPRE', 'A', '0000-00-00 00:00:00'),
	(524, 63, 1, 'ARMENIA                       ', 'SIPRE', 'A', '0000-00-00 00:00:00'),
	(525, 66, 1, 'PEREIRA                       ', 'SIPRE', 'A', '0000-00-00 00:00:00'),
	(526, 68, 1, 'BUCARAMANGA                   ', 'SIPRE', 'A', '0000-00-00 00:00:00'),
	(527, 68, 54, 'FLORIDA BLANCA                ', 'SIPRE', 'A', '0000-00-00 00:00:00'),
	(528, 68, 77, 'BARBOSA                       ', 'SIPRE', 'A', '0000-00-00 00:00:00'),
	(529, 68, 81, 'BARRANCABERMEJA               ', 'SIPRE', 'A', '0000-00-00 00:00:00'),
	(530, 68, 190, 'CIMITARRA                     ', 'SIPRE', 'A', '0000-00-00 00:00:00'),
	(531, 68, 295, 'GAMARRA                       ', 'SIPRE', 'A', '0000-00-00 00:00:00'),
	(532, 68, 432, 'MALAGA                        ', 'SIPRE', 'A', '0000-00-00 00:00:00'),
	(533, 68, 500, 'OIBA                          ', 'SIPRE', 'A', '0000-00-00 00:00:00'),
	(534, 68, 501, 'CHARALA                       ', 'SIPRE', 'A', '0000-00-00 00:00:00'),
	(535, 68, 572, 'PUENTE NACIONAL               ', 'SIPRE', 'A', '0000-00-00 00:00:00'),
	(536, 68, 575, 'PUERTO WILCHES                ', 'SIPRE', 'A', '0000-00-00 00:00:00'),
	(537, 68, 576, 'PIEDECUESTA                   ', 'SIPRE', 'A', '0000-00-00 00:00:00'),
	(538, 68, 577, 'GIRON                         ', 'SIPRE', 'A', '0000-00-00 00:00:00'),
	(539, 68, 578, 'LEBRIJA                       ', 'SIPRE', 'A', '0000-00-00 00:00:00'),
	(540, 68, 579, 'SOCORRO                       ', 'SIPRE', 'A', '0000-00-00 00:00:00'),
	(541, 68, 679, 'SAN GIL                       ', 'SIPRE', 'A', '0000-00-00 00:00:00'),
	(542, 68, 680, 'SAN VICENTE DE CHUCURI        ', 'SIPRE', 'A', '0000-00-00 00:00:00'),
	(543, 70, 1, 'SINCELEJO                     ', 'SIPRE', 'A', '0000-00-00 00:00:00'),
	(544, 73, 1, 'IBAGUE                        ', 'SIPRE', 'A', '0000-00-00 00:00:00'),
	(545, 73, 24, 'ALPUJARRA                     ', 'SIPRE', 'A', '0000-00-00 00:00:00'),
	(546, 73, 30, 'AMBALEMA                      ', 'SIPRE', 'A', '0000-00-00 00:00:00'),
	(547, 73, 43, 'ANZOATEGUI                    ', 'SIPRE', 'A', '0000-00-00 00:00:00'),
	(548, 73, 55, 'ARMERO                        ', 'SIPRE', 'A', '0000-00-00 00:00:00'),
	(549, 73, 67, 'ATACO                         ', 'SIPRE', 'A', '0000-00-00 00:00:00'),
	(550, 73, 124, 'CAJAMARCA                     ', 'SIPRE', 'A', '0000-00-00 00:00:00'),
	(551, 73, 148, 'CARMEN DE APICALA             ', 'SIPRE', 'A', '0000-00-00 00:00:00'),
	(552, 73, 152, 'CASABIANCA                    ', 'SIPRE', 'A', '0000-00-00 00:00:00'),
	(553, 73, 168, 'CHAPARRAL                     ', 'SIPRE', 'A', '0000-00-00 00:00:00'),
	(554, 73, 200, 'COELLO                        ', 'SIPRE', 'A', '0000-00-00 00:00:00'),
	(555, 73, 217, 'COYAIMA                       ', 'SIPRE', 'A', '0000-00-00 00:00:00'),
	(556, 73, 236, 'DOLORES                       ', 'SIPRE', 'A', '0000-00-00 00:00:00'),
	(557, 73, 268, 'ESPINAL                       ', 'SIPRE', 'A', '0000-00-00 00:00:00'),
	(558, 73, 270, 'FALAN                         ', 'SIPRE', 'A', '0000-00-00 00:00:00'),
	(559, 73, 319, 'GUAMO                         ', 'SIPRE', 'A', '0000-00-00 00:00:00'),
	(560, 73, 347, 'HERVEO                        ', 'SIPRE', 'A', '0000-00-00 00:00:00'),
	(561, 73, 349, 'HONDA                         ', 'SIPRE', 'A', '0000-00-00 00:00:00'),
	(562, 73, 352, 'ICONONZO                      ', 'SIPRE', 'A', '0000-00-00 00:00:00'),
	(563, 73, 411, 'LIBANO                        ', 'SIPRE', 'A', '0000-00-00 00:00:00'),
	(564, 73, 443, 'MARIQUITA                     ', 'SIPRE', 'A', '0000-00-00 00:00:00'),
	(565, 73, 449, 'MELGAR                        ', 'SIPRE', 'A', '0000-00-00 00:00:00'),
	(566, 73, 483, 'NATAGAIMA                     ', 'SIPRE', 'A', '0000-00-00 00:00:00'),
	(567, 73, 504, 'ORTEGA                        ', 'SIPRE', 'A', '0000-00-00 00:00:00'),
	(568, 73, 547, 'PIEDRAS                       ', 'SIPRE', 'A', '0000-00-00 00:00:00'),
	(569, 73, 563, 'PRADO                         ', 'SIPRE', 'A', '0000-00-00 00:00:00'),
	(570, 73, 622, 'RONCESVALLES                  ', 'SIPRE', 'A', '0000-00-00 00:00:00'),
	(571, 73, 671, 'SALDA¥A                       ', 'SIPRE', 'A', '0000-00-00 00:00:00'),
	(572, 73, 678, 'SAN LUIS                      ', 'SIPRE', 'A', '0000-00-00 00:00:00'),
	(573, 73, 686, 'SANTA ISABEL                  ', 'SIPRE', 'A', '0000-00-00 00:00:00'),
	(574, 73, 770, 'SUAREZ                        ', 'SIPRE', 'A', '0000-00-00 00:00:00'),
	(575, 73, 854, 'VALLE DE SAN JUAN             ', 'SIPRE', 'A', '0000-00-00 00:00:00'),
	(576, 73, 870, 'VILLAHERMOSA                  ', 'SIPRE', 'A', '0000-00-00 00:00:00'),
	(577, 73, 873, 'VILLARRICA                    ', 'SIPRE', 'A', '0000-00-00 00:00:00'),
	(578, 76, 1, 'CALI                          ', 'SIPRE', 'A', '0000-00-00 00:00:00'),
	(579, 76, 20, 'ALCALA                        ', 'SIPRE', 'A', '0000-00-00 00:00:00'),
	(580, 76, 36, 'ANDALUCIA                     ', 'SIPRE', 'A', '0000-00-00 00:00:00'),
	(581, 76, 41, 'ANSERMANUEVO                  ', 'SIPRE', 'A', '0000-00-00 00:00:00'),
	(582, 76, 54, 'ARGELIA                       ', 'SIPRE', 'A', '0000-00-00 00:00:00'),
	(583, 76, 100, 'BOLIVAR                       ', 'SIPRE', 'A', '0000-00-00 00:00:00'),
	(584, 76, 109, 'BUENAVENTURA                  ', 'SIPRE', 'A', '0000-00-00 00:00:00'),
	(585, 76, 111, 'BUGA                          ', 'SIPRE', 'A', '0000-00-00 00:00:00'),
	(586, 76, 113, 'BUGALAGRANDE                  ', 'SIPRE', 'A', '0000-00-00 00:00:00'),
	(587, 76, 122, 'CAICEDONIA                    ', 'SIPRE', 'A', '0000-00-00 00:00:00'),
	(588, 76, 126, 'CALIMA                        ', 'SIPRE', 'A', '0000-00-00 00:00:00'),
	(589, 76, 130, 'CANDELARIA                    ', 'SIPRE', 'A', '0000-00-00 00:00:00'),
	(590, 76, 147, 'CARTAGO                       ', 'SIPRE', 'A', '0000-00-00 00:00:00'),
	(591, 76, 233, 'DAGUA                         ', 'SIPRE', 'A', '0000-00-00 00:00:00'),
	(592, 76, 243, 'EL AGUILA                     ', 'SIPRE', 'A', '0000-00-00 00:00:00'),
	(593, 76, 246, 'EL CAIRO                      ', 'SIPRE', 'A', '0000-00-00 00:00:00'),
	(594, 76, 248, 'EL CERRITO                    ', 'SIPRE', 'A', '0000-00-00 00:00:00'),
	(595, 76, 250, 'EL DOVIO                      ', 'SIPRE', 'A', '0000-00-00 00:00:00'),
	(596, 76, 275, 'FLORIDA                       ', 'SIPRE', 'A', '0000-00-00 00:00:00'),
	(597, 76, 306, 'GINEBRA                       ', 'SIPRE', 'A', '0000-00-00 00:00:00'),
	(598, 76, 318, 'GUACARI                       ', 'SIPRE', 'A', '0000-00-00 00:00:00'),
	(599, 76, 364, 'JAMUNDI                       ', 'SIPRE', 'A', '0000-00-00 00:00:00'),
	(600, 76, 377, 'LA CUMBRE                     ', 'SIPRE', 'A', '0000-00-00 00:00:00'),
	(601, 76, 400, 'LA UNION                      ', 'SIPRE', 'A', '0000-00-00 00:00:00'),
	(602, 76, 403, 'LA VICTORIA                   ', 'SIPRE', 'A', '0000-00-00 00:00:00'),
	(603, 76, 497, 'OBANDO                        ', 'SIPRE', 'A', '0000-00-00 00:00:00'),
	(604, 76, 520, 'PALMIRA                       ', 'SIPRE', 'A', '0000-00-00 00:00:00'),
	(605, 76, 563, 'PRADERA                       ', 'SIPRE', 'A', '0000-00-00 00:00:00'),
	(606, 76, 606, 'RESTREPO                      ', 'SIPRE', 'A', '0000-00-00 00:00:00'),
	(607, 76, 616, 'RIOFRIO                       ', 'SIPRE', 'A', '0000-00-00 00:00:00'),
	(608, 76, 622, 'ROLDANILLO                    ', 'SIPRE', 'A', '0000-00-00 00:00:00'),
	(609, 76, 670, 'SAN PEDRO                     ', 'SIPRE', 'A', '0000-00-00 00:00:00'),
	(610, 76, 736, 'SEVILLA                       ', 'SIPRE', 'A', '0000-00-00 00:00:00'),
	(611, 76, 823, 'TORO                          ', 'SIPRE', 'A', '0000-00-00 00:00:00'),
	(612, 76, 828, 'TRUJILLO                      ', 'SIPRE', 'A', '0000-00-00 00:00:00'),
	(613, 76, 834, 'TULUA                         ', 'SIPRE', 'A', '0000-00-00 00:00:00'),
	(614, 76, 845, 'ULLOA                         ', 'SIPRE', 'A', '0000-00-00 00:00:00'),
	(615, 76, 863, 'VERSALLES                     ', 'SIPRE', 'A', '0000-00-00 00:00:00'),
	(616, 76, 869, 'VIAJES                        ', 'SIPRE', 'A', '0000-00-00 00:00:00'),
	(617, 76, 890, 'YOTOCO                        ', 'SIPRE', 'A', '0000-00-00 00:00:00'),
	(618, 76, 892, 'YUMBO                         ', 'SIPRE', 'A', '0000-00-00 00:00:00'),
	(619, 76, 895, 'ZARZAL                        ', 'SIPRE', 'A', '0000-00-00 00:00:00'),
	(620, 81, 1, 'ARAUCA                        ', 'SIPRE', 'A', '0000-00-00 00:00:00'),
	(621, 81, 65, 'ARAUQUITA                     ', 'SIPRE', 'A', '0000-00-00 00:00:00'),
	(622, 85, 1, 'YOPAL                         ', 'SIPRE', 'A', '0000-00-00 00:00:00'),
	(623, 86, 1, 'MOCOA                         ', 'SIPRE', 'A', '0000-00-00 00:00:00'),
	(624, 86, 80, 'PUERTO LIMON                  ', 'SIPRE', 'A', '0000-00-00 00:00:00'),
	(625, 86, 81, 'PUERTO ASIS                   ', 'SIPRE', 'A', '0000-00-00 00:00:00'),
	(626, 86, 320, 'ORITO                         ', 'SIPRE', 'A', '0000-00-00 00:00:00'),
	(627, 88, 1, 'SAN ANDRES                    ', 'SIPRE', 'A', '0000-00-00 00:00:00'),
	(628, 88, 564, 'PROVIDENCIA                   ', 'SIPRE', 'A', '0000-00-00 00:00:00'),
	(629, 91, 1, 'LETICIA                       ', 'SIPRE', 'A', '0000-00-00 00:00:00');
/*!40000 ALTER TABLE `gn_municipio` ENABLE KEYS */;


-- Volcando estructura para tabla sipre.gn_pais
CREATE TABLE IF NOT EXISTS `gn_pais` (
  `codPais` int(11) NOT NULL COMMENT 'Codigo País',
  `nomPais` varchar(30) DEFAULT NULL COMMENT 'Nombre Pais',
  `usuActividad` char(15) NOT NULL COMMENT 'usuario actividad',
  `tipActividad` char(1) NOT NULL COMMENT 'tipo actividad',
  `horActividad` timestamp NOT NULL DEFAULT CURRENT_TIMESTAMP COMMENT 'hora de la actividad',
  PRIMARY KEY (`codPais`),
  UNIQUE KEY `codPais_UNIQUE` (`codPais`)
) ENGINE=InnoDB DEFAULT CHARSET=utf8 COMMENT='Pais';

-- Volcando datos para la tabla sipre.gn_pais: ~0 rows (aproximadamente)
/*!40000 ALTER TABLE `gn_pais` DISABLE KEYS */;
INSERT INTO `gn_pais` (`codPais`, `nomPais`, `usuActividad`, `tipActividad`, `horActividad`) VALUES
	(169, 'COLOMBIA', 'SIPRE', 'A', '2016-08-02 19:48:53');
/*!40000 ALTER TABLE `gn_pais` ENABLE KEYS */;


-- Volcando estructura para tabla sipre.gn_programassistema
CREATE TABLE IF NOT EXISTS `gn_programassistema` (
  `codPrograma` int(11) NOT NULL COMMENT 'Codigo Programa',
  `nomPrograma` varchar(40) NOT NULL COMMENT 'Nombre Programa',
  `dirPrograma` varchar(40) NOT NULL COMMENT 'Direccion Programa',
  `usuActividad` int(15) NOT NULL COMMENT 'usuario actividad',
  `tipActividad` char(1) NOT NULL COMMENT 'tipo actividad',
  `horActividad` timestamp NOT NULL DEFAULT CURRENT_TIMESTAMP COMMENT 'hora de la actividad',
  PRIMARY KEY (`codPrograma`),
  UNIQUE KEY `codProg_UNIQUE` (`codPrograma`)
) ENGINE=InnoDB DEFAULT CHARSET=utf8 COMMENT='Programas del sistema';

-- Volcando datos para la tabla sipre.gn_programassistema: ~0 rows (aproximadamente)
/*!40000 ALTER TABLE `gn_programassistema` DISABLE KEYS */;
/*!40000 ALTER TABLE `gn_programassistema` ENABLE KEYS */;


-- Volcando estructura para tabla sipre.gn_roles
CREATE TABLE IF NOT EXISTS `gn_roles` (
  `codRol` int(11) NOT NULL COMMENT 'Codigo Rol',
  `nomRol` varchar(20) NOT NULL COMMENT 'Nombre Rol',
  `TipRol` char(1) NOT NULL COMMENT 'Tipo Rol',
  `usuActividad` int(15) NOT NULL COMMENT 'usuario actividad',
  `tipActividad` char(1) NOT NULL COMMENT 'tipo actividad',
  `horActividad` timestamp NOT NULL DEFAULT CURRENT_TIMESTAMP COMMENT 'hora de la actividad',
  PRIMARY KEY (`codRol`),
  UNIQUE KEY `codRoll_UNIQUE` (`codRol`)
) ENGINE=InnoDB DEFAULT CHARSET=utf8 COMMENT='Roles';

-- Volcando datos para la tabla sipre.gn_roles: ~4 rows (aproximadamente)
/*!40000 ALTER TABLE `gn_roles` DISABLE KEYS */;
INSERT INTO `gn_roles` (`codRol`, `nomRol`, `TipRol`, `usuActividad`, `tipActividad`, `horActividad`) VALUES
	(1, 'EMPLEADO', 'E', 0, '', '2016-08-04 15:44:47'),
	(2, 'USUARIO FUNCIONAL', 'C', 0, '', '2016-08-04 15:44:47'),
	(3, 'ADMINISTRADOR', 'D', 0, '', '2016-08-04 15:44:47'),
	(4, 'PROVEEDOR', 'P', 0, '', '2016-08-04 15:44:47');
/*!40000 ALTER TABLE `gn_roles` ENABLE KEYS */;


-- Volcando estructura para tabla sipre.gn_tipodocumentosadjuntos
CREATE TABLE IF NOT EXISTS `gn_tipodocumentosadjuntos` (
  `codTipDocumentos` int(11) NOT NULL COMMENT 'Codigo Tipo de Documento',
  `codPrograma` int(11) NOT NULL COMMENT 'codigo Programa donde se puede abjuntar este tipo de documento',
  `nomDocumento` int(11) NOT NULL COMMENT 'Nombre de Documento',
  `usuActividad` int(15) NOT NULL COMMENT 'usuario actividad',
  `tipActividad` char(1) NOT NULL COMMENT 'tipo actividad',
  `horActividad` timestamp NOT NULL DEFAULT CURRENT_TIMESTAMP COMMENT 'hora actividad',
  PRIMARY KEY (`codTipDocumentos`,`codPrograma`),
  KEY `fkprogramas_idx` (`codPrograma`),
  CONSTRAINT `fkprogramas` FOREIGN KEY (`codPrograma`) REFERENCES `gn_programassistema` (`codPrograma`)
) ENGINE=InnoDB DEFAULT CHARSET=utf8 COMMENT='Tipo de Documentos adjuntos';

-- Volcando datos para la tabla sipre.gn_tipodocumentosadjuntos: ~0 rows (aproximadamente)
/*!40000 ALTER TABLE `gn_tipodocumentosadjuntos` DISABLE KEYS */;
/*!40000 ALTER TABLE `gn_tipodocumentosadjuntos` ENABLE KEYS */;


-- Volcando estructura para tabla sipre.gn_usuarios
CREATE TABLE IF NOT EXISTS `gn_usuarios` (
  `codUsuaario` char(15) NOT NULL,
  `desclave` char(15) NOT NULL,
  `codTercero` int(11) NOT NULL,
  `usuActividad` int(15) NOT NULL COMMENT 'usuario actividad',
  `tipActividad` char(1) NOT NULL COMMENT 'tipo actividad',
  `horActividad` timestamp NOT NULL DEFAULT CURRENT_TIMESTAMP COMMENT 'hora de la actividad',
  PRIMARY KEY (`codUsuaario`)
) ENGINE=InnoDB DEFAULT CHARSET=utf8 COMMENT='Usuarios';

-- Volcando datos para la tabla sipre.gn_usuarios: ~3 rows (aproximadamente)
/*!40000 ALTER TABLE `gn_usuarios` DISABLE KEYS */;
INSERT INTO `gn_usuarios` (`codUsuaario`, `desclave`, `codTercero`, `usuActividad`, `tipActividad`, `horActividad`) VALUES
	('1234', '4321', 234, 312, 'E', '2016-08-16 11:50:49'),
	('1235', '4322', 235, 313, 'C', '2016-08-16 11:51:42'),
	('1236', '4323', 236, 314, 'a', '2016-08-16 11:52:38');
/*!40000 ALTER TABLE `gn_usuarios` ENABLE KEYS */;


-- Volcando estructura para tabla sipre.pe_asignacionpresupuesto
CREATE TABLE IF NOT EXISTS `pe_asignacionpresupuesto` (
  `codPresupuesto` int(11) NOT NULL COMMENT 'Codigo Presupuesto',
  `anoPresupuesto` int(11) NOT NULL COMMENT 'Año Presupuesto',
  `valInicial` double NOT NULL COMMENT 'Valor Inicial',
  `valEjecutado` double NOT NULL COMMENT 'Valor Ejecutado',
  `valPendiente` double NOT NULL COMMENT 'Valor Pendiente',
  `usuActividad` int(15) NOT NULL COMMENT 'usuario actividad',
  `tipActividad` char(1) NOT NULL COMMENT 'tipo actividad',
  `horActividad` timestamp NOT NULL DEFAULT CURRENT_TIMESTAMP COMMENT 'hora de la actividad',
  PRIMARY KEY (`codPresupuesto`),
  UNIQUE KEY `codPres_UNIQUE` (`codPresupuesto`)
) ENGINE=InnoDB DEFAULT CHARSET=utf8 COMMENT='Asignacion de Presupuesto';

-- Volcando datos para la tabla sipre.pe_asignacionpresupuesto: ~5 rows (aproximadamente)
/*!40000 ALTER TABLE `pe_asignacionpresupuesto` DISABLE KEYS */;
INSERT INTO `pe_asignacionpresupuesto` (`codPresupuesto`, `anoPresupuesto`, `valInicial`, `valEjecutado`, `valPendiente`, `usuActividad`, `tipActividad`, `horActividad`) VALUES
	(1, 2015, 108000000, 0, 0, 0, '', '2016-08-04 15:45:42'),
	(2, 2015, 108000000, 0, 0, 0, '', '2016-08-04 15:45:42'),
	(3, 2015, 108000000, 0, 0, 0, '', '2016-08-04 15:45:42'),
	(4, 2015, 108000000, 0, 0, 0, '', '2016-08-04 15:45:42'),
	(5, 2015, 108000000, 0, 0, 0, '', '2016-08-04 15:45:42');
/*!40000 ALTER TABLE `pe_asignacionpresupuesto` ENABLE KEYS */;


-- Volcando estructura para tabla sipre.pe_detallepresupuesto
CREATE TABLE IF NOT EXISTS `pe_detallepresupuesto` (
  `codDetPresupuesto` int(11) NOT NULL AUTO_INCREMENT COMMENT 'Codigo Detalle Presupuesto',
  `codPresupuesto` int(11) NOT NULL COMMENT 'Codigo Presupuesto',
  `codFactura` int(11) NOT NULL COMMENT 'Codigo Factura',
  `codProveedor` int(11) NOT NULL COMMENT 'Codigo Proveedor',
  `codTomador` int(11) NOT NULL COMMENT 'Codigo Tomador',
  `valEmpresa` double NOT NULL COMMENT 'Valor Empresa',
  `usuActividad` varchar(15) NOT NULL COMMENT 'usuario actividad',
  `tipActividad` char(1) NOT NULL COMMENT 'tipo actividad',
  `horActividad` timestamp NOT NULL DEFAULT CURRENT_TIMESTAMP COMMENT 'hora de la actividad',
  PRIMARY KEY (`codDetPresupuesto`),
  UNIQUE KEY `codDpre_UNIQUE` (`codDetPresupuesto`),
  KEY `fkpresupuesto_idx` (`codPresupuesto`),
  KEY `fkfactura_idx` (`codFactura`,`codTomador`,`codProveedor`),
  KEY `fkCODprovee` (`codProveedor`),
  KEY `FK_pedeta_besoli` (`codTomador`),
  CONSTRAINT `FK` FOREIGN KEY (`codFactura`) REFERENCES `pr_facturacionproveedor` (`codFactura`),
  CONSTRAINT `FK4pres` FOREIGN KEY (`codPresupuesto`) REFERENCES `pe_asignacionpresupuesto` (`codPresupuesto`),
  CONSTRAINT `FK4tercero` FOREIGN KEY (`codTomador`) REFERENCES `be_solicitudbeneficios` (`codTomador`) ON DELETE CASCADE ON UPDATE CASCADE,
  CONSTRAINT `fkCODprovee` FOREIGN KEY (`codProveedor`) REFERENCES `be_solicitudbeneficios` (`codProveedor`) ON DELETE CASCADE ON UPDATE CASCADE
) ENGINE=InnoDB AUTO_INCREMENT=132 DEFAULT CHARSET=utf8 COMMENT='Detalle Presupuesto';

-- Volcando datos para la tabla sipre.pe_detallepresupuesto: ~5 rows (aproximadamente)
/*!40000 ALTER TABLE `pe_detallepresupuesto` DISABLE KEYS */;
INSERT INTO `pe_detallepresupuesto` (`codDetPresupuesto`, `codPresupuesto`, `codFactura`, `codProveedor`, `codTomador`, `valEmpresa`, `usuActividad`, `tipActividad`, `horActividad`) VALUES
	(127, 1, 12, 800140949, 79626621, 12300, 'Sipre', 'A', '2016-08-17 13:19:45'),
	(128, 2, 13, 800150280, 79646350, 13300, 'Sipre', 'A', '2016-08-17 13:21:01'),
	(129, 3, 13, 800037800, 79503353, 14300, 'Sipre', 'A', '2016-08-17 13:21:43'),
	(130, 4, 12, 800088702, 79505504, 15300, 'Sipre', 'A', '2016-08-17 13:22:16'),
	(131, 5, 13, 800130907, 79503353, 16300, 'Sipre', 'A', '2016-08-17 13:22:43');
/*!40000 ALTER TABLE `pe_detallepresupuesto` ENABLE KEYS */;


-- Volcando estructura para tabla sipre.pr_facturacionproveedor
CREATE TABLE IF NOT EXISTS `pr_facturacionproveedor` (
  `codFactura` int(11) NOT NULL COMMENT 'Codigo de Factura',
  `codServicio` int(11) NOT NULL COMMENT 'Codigo de Servicio',
  `codProveedor` int(11) NOT NULL COMMENT 'Codigo Proveedor',
  `valEmpleado` double NOT NULL COMMENT 'valor empleado',
  `valEmpresa` double NOT NULL COMMENT 'valor empresa',
  `usuActividad` int(15) NOT NULL COMMENT 'usuario actividad',
  `tipActividad` char(1) NOT NULL COMMENT 'tipo actividad',
  `horActividad` timestamp NOT NULL DEFAULT CURRENT_TIMESTAMP COMMENT 'hora de la actividad',
  PRIMARY KEY (`codFactura`),
  UNIQUE KEY `codFact_UNIQUE` (`codFactura`),
  KEY `fkbesoli_idx` (`codProveedor`),
  KEY `fkbetipbe_idx` (`codServicio`),
  CONSTRAINT `FKservicio` FOREIGN KEY (`codServicio`) REFERENCES `be_tipobeneficio` (`codServicio`) ON DELETE CASCADE ON UPDATE CASCADE,
  CONSTRAINT `fkprov` FOREIGN KEY (`codProveedor`) REFERENCES `bi_datosproveedor` (`codProveedor`)
) ENGINE=InnoDB DEFAULT CHARSET=utf8 COMMENT='Facturacion Proveedor';

-- Volcando datos para la tabla sipre.pr_facturacionproveedor: ~2 rows (aproximadamente)
/*!40000 ALTER TABLE `pr_facturacionproveedor` DISABLE KEYS */;
INSERT INTO `pr_facturacionproveedor` (`codFactura`, `codServicio`, `codProveedor`, `valEmpleado`, `valEmpresa`, `usuActividad`, `tipActividad`, `horActividad`) VALUES
	(12, 30, 800150280, 1200, 200000, 12, 'A', '2016-08-16 21:07:18'),
	(13, 14, 890201578, 1300, 30000, 13, 'A', '2016-08-16 21:08:21');
/*!40000 ALTER TABLE `pr_facturacionproveedor` ENABLE KEYS */;


-- Volcando estructura para tabla sipre.pr_valoresservicioproveedor
CREATE TABLE IF NOT EXISTS `pr_valoresservicioproveedor` (
  `codValor` int(11) NOT NULL COMMENT 'Codigo Valor',
  `codProveedor` int(11) NOT NULL COMMENT 'Codigo Proveedor',
  `tipServicio` int(11) NOT NULL COMMENT 'Tipo de Servicio',
  `observacion` text COMMENT 'Observacion',
  `fecFinVigencia` date NOT NULL COMMENT 'Fecha Fin Vigencia',
  `valServicio` double NOT NULL COMMENT 'valor Servicio',
  `usuActividad` char(11) NOT NULL COMMENT 'usuario actividad',
  `tipActividad` char(1) NOT NULL COMMENT 'tipo actividad',
  `horActividad` timestamp NOT NULL DEFAULT CURRENT_TIMESTAMP COMMENT 'hora actividad',
  PRIMARY KEY (`codValor`),
  UNIQUE KEY `codValo_UNIQUE` (`codValor`),
  KEY `FKproveedor` (`codProveedor`),
  KEY `FKtservici` (`tipServicio`),
  CONSTRAINT `FKproveedor` FOREIGN KEY (`codProveedor`) REFERENCES `bi_datosproveedor` (`codProveedor`),
  CONSTRAINT `FKtservici` FOREIGN KEY (`tipServicio`) REFERENCES `be_tiposervicio` (`codTipServicio`)
) ENGINE=InnoDB DEFAULT CHARSET=utf8 COMMENT='Valores Servicio Proveedor';

-- Volcando datos para la tabla sipre.pr_valoresservicioproveedor: ~71 rows (aproximadamente)
/*!40000 ALTER TABLE `pr_valoresservicioproveedor` DISABLE KEYS */;
INSERT INTO `pr_valoresservicioproveedor` (`codValor`, `codProveedor`, `tipServicio`, `observacion`, `fecFinVigencia`, `valServicio`, `usuActividad`, `tipActividad`, `horActividad`) VALUES
	(1, 800037800, 1, '', '2016-06-21', 120000, 'SIPRE', 'A', '2016-08-03 19:56:32'),
	(2, 800088702, 2, '', '2016-06-21', 80000, 'SIPRE', 'A', '2016-08-03 19:56:32'),
	(3, 800106339, 3, '', '2016-06-21', 53333, 'SIPRE', 'A', '2016-08-03 19:56:32'),
	(4, 800130907, 4, '', '2016-06-21', 35556, 'SIPRE', 'A', '2016-08-03 19:56:32'),
	(5, 800139690, 5, '', '2016-06-21', 23704, 'SIPRE', 'A', '2016-08-03 19:56:32'),
	(6, 800140680, 6, '', '2016-06-21', 15802, 'SIPRE', 'A', '2016-08-03 19:56:32'),
	(7, 800140949, 7, '', '2016-06-21', 10535, 'SIPRE', 'A', '2016-08-03 19:56:32'),
	(8, 800144331, 1, '', '2016-06-21', 480000, 'SIPRE', 'A', '2016-08-03 19:56:32'),
	(9, 800150280, 2, '', '2016-06-21', 320000, 'SIPRE', 'A', '2016-08-03 19:56:32'),
	(10, 800159085, 3, '', '2016-06-21', 213332, 'SIPRE', 'A', '2016-08-03 19:56:32'),
	(11, 800170494, 4, '', '2016-06-21', 142224, 'SIPRE', 'A', '2016-08-03 19:56:32'),
	(12, 800176994, 5, '', '2016-06-21', 94816, 'SIPRE', 'A', '2016-08-03 19:56:32'),
	(13, 800184549, 6, '', '2016-06-21', 63208, 'SIPRE', 'A', '2016-08-03 19:56:32'),
	(14, 800189529, 7, '', '2016-06-21', 42140, 'SIPRE', 'A', '2016-08-03 19:56:32'),
	(15, 800198281, 1, '', '2016-06-21', 94816, 'SIPRE', 'A', '2016-08-03 19:56:32'),
	(16, 800198644, 2, '', '2016-06-21', 42140, 'SIPRE', 'A', '2016-08-03 19:56:32'),
	(17, 800224827, 3, '', '2016-06-21', 853328, 'SIPRE', 'A', '2016-08-03 19:56:32'),
	(18, 800226175, 4, '', '2016-06-21', 568896, 'SIPRE', 'A', '2016-08-03 19:56:32'),
	(19, 800227940, 5, '', '2016-06-21', 379264, 'SIPRE', 'A', '2016-08-03 19:56:32'),
	(20, 800229256, 6, '', '2016-06-21', 252832, 'SIPRE', 'A', '2016-08-03 19:56:32'),
	(21, 800229739, 7, '', '2016-06-21', 168560, 'SIPRE', 'A', '2016-08-03 19:56:32'),
	(22, 800231967, 1, '', '2016-06-21', 379264, 'SIPRE', 'A', '2016-08-03 19:56:32'),
	(23, 800250119, 2, '', '2016-06-21', 168560, 'SIPRE', 'A', '2016-08-03 19:56:32'),
	(24, 800251440, 3, '', '2016-06-21', 120000, 'SIPRE', 'A', '2016-08-03 19:56:32'),
	(25, 800253055, 4, '', '2016-06-21', 80000, 'SIPRE', 'A', '2016-08-03 19:56:32'),
	(26, 804001273, 5, '', '2016-06-21', 53333, 'SIPRE', 'A', '2016-08-03 19:56:32'),
	(27, 805000427, 6, '', '2016-06-21', 35556, 'SIPRE', 'A', '2016-08-03 19:56:32'),
	(28, 805001157, 7, '', '2016-06-21', 23704, 'SIPRE', 'A', '2016-08-03 19:56:32'),
	(29, 811015884, 1, '', '2016-06-21', 15802, 'SIPRE', 'A', '2016-08-03 19:56:32'),
	(30, 830003564, 2, '', '2016-06-21', 10535, 'SIPRE', 'A', '2016-08-03 19:56:32'),
	(31, 830006404, 3, '', '2016-06-21', 480000, 'SIPRE', 'A', '2016-08-03 19:56:32'),
	(32, 830009783, 4, '', '2016-06-21', 320000, 'SIPRE', 'A', '2016-08-03 19:56:32'),
	(33, 830038085, 5, '', '2016-06-21', 213332, 'SIPRE', 'A', '2016-08-03 19:56:32'),
	(34, 830113831, 6, '', '2016-06-21', 142224, 'SIPRE', 'A', '2016-08-03 19:56:32'),
	(35, 844003392, 7, '', '2016-06-21', 94816, 'SIPRE', 'A', '2016-08-03 19:56:32'),
	(36, 860002398, 1, '', '2016-06-21', 63208, 'SIPRE', 'A', '2016-08-03 19:56:32'),
	(37, 860002962, 2, '', '2016-06-21', 42140, 'SIPRE', 'A', '2016-08-03 19:56:32'),
	(38, 860003020, 3, '', '2016-06-21', 94816, 'SIPRE', 'A', '2016-08-03 19:56:32'),
	(39, 860006773, 4, '', '2016-06-21', 42140, 'SIPRE', 'A', '2016-08-03 19:56:32'),
	(40, 860007335, 5, '', '2016-06-21', 853328, 'SIPRE', 'A', '2016-08-03 19:56:32'),
	(41, 860011153, 6, '', '2016-06-21', 568896, 'SIPRE', 'A', '2016-08-03 19:56:32'),
	(42, 860013570, 7, '', '2016-06-21', 379264, 'SIPRE', 'A', '2016-08-03 19:56:32'),
	(43, 860013743, 1, '', '2016-06-21', 252832, 'SIPRE', 'A', '2016-08-03 19:56:32'),
	(44, 860013816, 2, '', '2016-06-21', 168560, 'SIPRE', 'A', '2016-08-03 19:56:32'),
	(45, 860027404, 3, '', '2016-06-21', 379264, 'SIPRE', 'A', '2016-08-03 19:56:32'),
	(46, 860034133, 4, '', '2016-06-21', 168560, 'SIPRE', 'A', '2016-08-03 19:56:32'),
	(47, 860034313, 5, '', '2016-06-21', 120000, 'SIPRE', 'A', '2016-08-03 19:56:32'),
	(48, 860034594, 6, '', '2016-06-21', 80000, 'SIPRE', 'A', '2016-08-03 19:56:32'),
	(49, 860035827, 7, '', '2016-06-21', 53333, 'SIPRE', 'A', '2016-08-03 19:56:32'),
	(50, 860066942, 1, '', '2016-06-21', 35556, 'SIPRE', 'A', '2016-08-03 19:56:32'),
	(51, 860512237, 2, '', '2016-06-21', 23704, 'SIPRE', 'A', '2016-08-03 19:56:32'),
	(52, 890200106, 3, '', '2016-06-21', 15802, 'SIPRE', 'A', '2016-08-03 19:56:32'),
	(53, 890201063, 4, '', '2016-06-21', 10535, 'SIPRE', 'A', '2016-08-03 19:56:32'),
	(54, 890201578, 5, '', '2016-06-21', 480000, 'SIPRE', 'A', '2016-08-03 19:56:32'),
	(55, 890270109, 6, '', '2016-06-21', 320000, 'SIPRE', 'A', '2016-08-03 19:56:32'),
	(56, 890303208, 7, '', '2016-06-21', 213332, 'SIPRE', 'A', '2016-08-03 19:56:32'),
	(57, 890480023, 2, '', '2016-06-21', 142224, 'SIPRE', 'A', '2016-08-03 19:56:32'),
	(58, 890500675, 3, '', '2016-06-21', 94816, 'SIPRE', 'A', '2016-08-03 19:56:32'),
	(59, 890900841, 4, '', '2016-06-21', 63208, 'SIPRE', 'A', '2016-08-03 19:56:32'),
	(60, 890903937, 1, '', '2016-06-21', 42140, 'SIPRE', 'A', '2016-08-03 19:56:32'),
	(61, 890903938, 2, '', '2016-06-21', 94816, 'SIPRE', 'A', '2016-08-03 19:56:32'),
	(62, 891180008, 3, '', '2016-06-21', 42140, 'SIPRE', 'A', '2016-08-03 19:56:32'),
	(63, 891200337, 4, '', '2016-06-21', 853328, 'SIPRE', 'A', '2016-08-03 19:56:32'),
	(64, 892000146, 5, '', '2016-06-21', 568896, 'SIPRE', 'A', '2016-08-03 19:56:32'),
	(65, 899999034, 6, '', '2016-06-21', 379264, 'SIPRE', 'A', '2016-08-03 19:56:32'),
	(66, 899999239, 7, '', '2016-06-21', 252832, 'SIPRE', 'A', '2016-08-03 19:56:32'),
	(67, 899999284, 12, '', '2016-06-21', 168560, 'SIPRE', 'A', '2016-08-03 19:56:32'),
	(68, 900047282, 13, '', '2016-06-21', 379264, 'SIPRE', 'A', '2016-08-03 19:56:32'),
	(69, 900074992, 14, '', '2016-06-21', 168560, 'SIPRE', 'A', '2016-08-03 19:56:32'),
	(70, 900156264, 15, '', '2016-06-21', 120000, 'SIPRE', 'A', '2016-08-03 19:56:32'),
	(71, 987654321, 16, '', '2016-06-21', 80000, 'SIPRE', 'A', '2016-08-03 19:56:32');
/*!40000 ALTER TABLE `pr_valoresservicioproveedor` ENABLE KEYS */;
/*!40101 SET SQL_MODE=IFNULL(@OLD_SQL_MODE, '') */;
/*!40014 SET FOREIGN_KEY_CHECKS=IF(@OLD_FOREIGN_KEY_CHECKS IS NULL, 1, @OLD_FOREIGN_KEY_CHECKS) */;
/*!40101 SET CHARACTER_SET_CLIENT=@OLD_CHARACTER_SET_CLIENT */;
